id,original,edit,grades,meanGrade
14530,France is ‘ hunting down its citizens who joined <Isis/> ’ without trial in Iraq,twins,10000,0.2
13034,"Pentagon claims 2,000 % increase in Russian trolls after <Syria/> strikes . What does that mean ?",bowling,33110,1.6
8731,Iceland PM Calls Snap Vote as Pedophile Furor Crashes <Coalition/> ,party,22100,1.0
76,"In an apparent first , Iran and Israel <engage/> each other militarily",slap,20000,0.4
6164,Trump was told weeks ago that Flynn misled <Vice/> President .,school,00000,0.0
8832,"All 22 <promises/> Trump made in his speech to Congress , in one chart",sounds,22200,1.2
12174,New DOJ alert system will flag <crimes/> against police,laughter,32100,1.2
3731,"As Someone Who Grew Up Among Fundamentalist <Christians/> In The US , I 'm Surprised Anyone 's Surprised About Roy Moore",morons,21110,1.0
6554,"Canadians may pay more taxes than Americans , but here 's what they get for their <money/> ",loonies,10000,0.2
14191,Dutch minister resigns in drug baron <row/> ,blow,00000,0.0
14268,Dozens dead in possible gas <attack/> in Syria ; regime denies allegation,bloating,22100,1.0
6524,How Trump Just Made <America/> Less Safe,Pilates,11110,0.8
7614,Trump 's 2nd Nominee for <Army/> Secretary Withdraws,Class,22100,1.0
12786,The GOP just ca n’t <escape/> the ’80s,remember,33100,1.4
14458,"Mississippi law endorses anti-LGBT bias , attorneys <argue/> ",confused,11100,0.6
14549,' Chibok <girls/> ' reunited with families,salamis,10000,0.2
9469,"Bill aiming to <protect/> Christians , other minority groups in Pakistan may soon be law",marry,21100,0.8
2357,"Pulled Over in a Rental Car , With <Heroin/> in the Trunk",Junk,22211,1.6
9653,US <diplomat/> forced to leave New Zealand after being involved in ' serious criminal incident ',president,32110,1.4
6822,Erdogan Rejects Arab Demands ; Turkish <Troops/> Stay in Qatar,Turkeys,22110,1.2
8552,Mark Cuban Wants Constitution Changed to Make <Health/> Care a ‘ Right ’,eyebrow,22211,1.6
1415,Russian Trolls Would Love the ' Honest <Ads/> Act ',hotdogs,21110,1.0
14113,Questions about Trump <overwhelm/> Republican Sen. Chuck Grassley 's event in Iowa,stupefy,20000,0.4
10792,$ 2.7 billion Christmas <lottery/> in Spain [ Video ],cookies,21110,1.0
8475,US imposes metal tariffs on key <allies/> ,holes,10000,0.2
14282,What we learned from enduring a week-long news cycle about <Alex Jones/> ,pudding,22111,1.4
12583,Oregon : 20-Year-Old Sues Kroger for <Refusing/> to Sell Him Shotgun Shells,trying,22100,1.0
11124,"If America is Great Again , Why Is the <Dollar/> Slowly Sinking ?",intelligence,22210,1.4
2426," <Roseanne Barr/> quits Twitter after offending with statements about former Obama aide Valerie Jarrett , Chelsea Clinton",Everyone,3211100000,0.8
9662,Trump avoids pointing to Saudis ’ human <rights/> failings,pyramid,32110,1.4
7723,An American <Journalist/> Is Facing A Felony Trial This Week — In The United States,clown,22000,0.8
6089,4 <soldiers/> killed in Nagorno-Karabakh fighting : Officials,pizzas,10000,0.2
8345,Italian <President/> Blocks Eurosceptic Coalition Govt,dog,21000,0.6
2372,Canada 's Trudeau decides not to <poke/> U.S. ' grizzly bear ' for now,tickle,31111,1.4
11433,Lebanon LGBT scene empowered despite <crackdown/> ,carnival,10000,0.2
4026,Paul Manafort spokesman <responds/> to wiretapping report,dances,21100,0.8
10483,When will Donald Trump and Kim Jong-un <meet/> and what will they discuss ?,tango,32110,1.4
11197,"France , U.S. committed to wiping out <Islamic State/> ",boogers,11100,0.6
3833,Bill Kristol was once the voice of the Republican Party . Now he 's one of <Trump/> 's biggest opponents,voice,11100,0.6
10636,TSA tightens electronics screening for domestic <flights/> ,beers,11111,1.0
13768,South Korea conducts <missile/> drill after North Korea nuclear test rattles globe,fire,11000,0.4
13019,Newly released Howard Stern Show tapes feature Donald Trump <admitting/> to psychological problems,aspiring,32100,1.2
13757,Trump consults NRA and Congress as he ponders gun <policy/> ,purchase,32100,1.2
5732,Fox 's James Murdoch rebukes <Trump/> over Charlottesville,grits,10000,0.2
3218,"Facebook defends <advertising/> ' principles ' after Russia , discrimination",kindergarten,22111,1.4
13489,Meet the wealthy <donors/> pouring millions into the 2018 elections,sadists,11100,0.6
11660,Jared Kushner is the Real <President/> ,Enemy,00000,0.0
11614,Deputy FBI Director McCabe <steps/> down,boogies,33200,1.6
3274,Kelly wo n't commit to defending DACA in <court/> ,space,33100,1.4
6953,House GOP gives Trump leeway over whether to block Schiff <memo/> ,goal,32100,1.2
13443,Rand Paul : Saudi Arabia ’s Role in Backing <Terrorism/> Raises Concerns with $ 100 Billion Arms Deal,Turpentine,10000,0.2
7008,Las Vegas <professor/> tells students Donald Trump incites violence after mass shooting,casino,00000,0.0
13131,"The legal battle over Trump ’s <immigration/> ban , explained",happiness,33111,1.8
8813,Republicans <unveil/> harder-line fix for DACA,destroy,10000,0.2
10022,Trump has the upper hand in North Korea <talks/> ,handshake,21100,0.8
3795,Brazil 's Temer accused of passive <corruption/> by police,aggressiveness,32000,1.0
8704,A closer look at Trump ’s potential Supreme <Court/> nominees,Music,11000,0.4
2434,The Koch Brothers ’ most loyal <servants/> are serving in Donald Trump ’s White House,paychecks,11000,0.4
2961,Trump meets with Mnuchin in ' first stages ' of <tax/> reform planning,barbershop,22210,1.4
7453,Affirmative-action hypocrisy : Foes hope to use Asian-Americans to <attack/> racial diversity on campus,hunt,21000,0.6
11688,Texas authorities found the body of a small <child/> whilst searching for a missing 3-year-old,bird,10000,0.2
827,New Orleans takes down 1st of 4 Confederate <statues/> ,birds,00000,0.0
11320,Steve King Warns Trump : DACA Illegal Aliens Can not Be Legalized ‘ Without Sacrificing the <Rule/> of Law ’,seesaw,10000,0.2
2802,Trump invites Coast Guard members to West Palm Beach golf <club/> ,ball,20000,0.4
1391,US suspects Niger villager <betrayed/> Army troops,scared,20000,0.4
11967,5 takeaways from Alabama 's startling special <election/> ,potato,21100,0.8
7780,This Is n't ' Another Watergate ' But It Plays As One On TV – And On <Twitter/> ,Vaudeville,11000,0.4
4340,Former Obama officials are defending the White House doctor as he takes heat for saying Trump is in ' excellent ' <health/> ,company,21000,0.6
8891,"If America is Great Again , Why Is the <Dollar/> Slowly Sinking ?",continent,32100,1.2
2857,Fox News guest offensively slams <John McCain/> to claim torture works,poetry,32100,1.2
5116,Trump border wall : Texans receiving letters about their <land/> ,barbecue,32222,2.2
6487,Not even Trump can <control/> the GOP base,Afford,22100,1.0
8735,Spicer defends Trump : <Issues/> are ' evolving towards the president 's position ',Aliens,22111,1.4
4479,"California Republican Rep. Ed Royce wo n't seek <reelection/> , creating bigger opening for Democrats",dessert,22111,1.4
566,"London Hit By Suspected <Terror/> Attack Days Before Election , PM Says",asthma,31000,0.8
11849,Massachusetts city council passes resolution calling for Donald Trump 's <impeachment/> ,IQ,21111,1.2
13650,U.S. cyber <bill/> would shift power away from spy agency,Robots,22110,1.2
10024,Trump <releases/> some 2005 tax info ahead of Rachel Maddow report,shreds,32200,1.4
6026,Russian spy : <police officer/> left seriously ill by attack named as Sergeant Nick Bailey,sable,10000,0.2
13001,Almost No One Likes The New GOP <Health/> Care Bill | The Huffington Post,mascara,31000,0.8
8947,"Trump to Dems : Of course I colluded , big <deal/> ! I fuck my daughters too",time,21000,0.6
12546,Trump goes easy on slaughterhouse exec who employed hundreds of illegal <workers/> ,cupcakes,21100,0.8
11016,How Steve Bannon <became/> the face of a political movement with roots in Los Angeles,slapped,21100,0.8
12236,FBI Deputy Director Andrew McCabe reportedly felt pressured to <leave/> by Director Christopher Wray,dance,2221111000,1.0
4535,Markets Right Now : Mideast <markets/> suffer modest drop,puppies,10000,0.2
4087,"The Nunes memo , explained with <diagrams/> ",puppets,33211,2.0
3719,"Trump says he 'll allow Japan , South Korea to buy more military <equipment/> from the U.S.",pornography,32220,1.8
1787,Former presidents raise $ 31 million for <hurricane/> relief fund,president,22210,1.4
10559,President Trump ’s ‘ impulsive ’ <problem/> ,tweeting,32100,1.2
4282,Stocks close lower as Trump <says/> China trade talks may not be successful,mocking,11100,0.6
192,Britain First leaders found guilty of anti-Muslim <hate/> crime,cupcake,22110,1.2
9146,Trump Says New York Suspect ’s <Visa/> Was a ‘ Chuck Schumer Beauty ’,toupee,32211,1.8
13044,Catholic priest caught driving 13-year-old <girl/> to motel after paying 16-year-old pimp,car,21110,1.0
11468,Can Democrat Doug Jones <pull/> off an upset in Alabama ?,wiggle,21000,0.6
6747,Revised UK child sexual ' consent ' rules provoke <backlash/> ,applause,11000,0.4
10883,How Kim Jong Un ‘ Baited ’ <Trump/> Into Canceling The North Korea Summit,fish,21100,0.8
2661,U.S. Secretary of State Mike Pompeo says ' sonic attack ' in China similar to reported <Cuba/> incident,hedgehog,31100,1.0
6553,Dick 's Sporting Goods no longer sells assault-style <rifles/> and raises age to 21,baseballs,11000,0.4
6217,Iran Calls Trump 's <Response/> to Attacks ‘ Repugnant ’,Assist,11000,0.4
8825,"Trump Promises Business Leaders Major Border Tax , <Rule/> Cuts",Finger,32211,1.8
7808,"Trump asked Duterte if Philippines has death <penalty/> , Philippines ambassador says",limit,22110,1.2
12440,Mark Meadows on Corker ’s Trump comments : “ It ’s easy to be bold when you ’re not <coming/> back ”,licking,31100,1.0
3914," <Subpoenas/> issued to Susan Rice , John Brendan - CIA Director under Obama , and UN Ambassador Samantha Power",Presents,21100,0.8
12398,Royal wedding : Meghan 's <dress/> in detail,elbow,33310,2.0
14890,Trump Chief of <Staff/> John Kelly calls Confederate Gen. Robert E. Lee an ' honorable man ',hair,33320,2.2
1372,Donald Trump set to offer massive <tax/> cuts for US businesses,beef,21000,0.6
5818,Joe Arpaio Found Out He Admitted Guilt With <Trump/> Pardon On Live TV,turkey,32210,1.6
14819,"British <Firm/> Cambridge Analytica Gave National Security Adviser John Bolton Facebook Data , Documents Indicate",hedgehog,10000,0.2
68,"Trump might have given Syrian and Russian forces too much time to prepare for a <strike/> , experts say",picnic,33211,2.0
1438,FCC Chairman Pai defends his attack on net neutrality by substituting <ideology/> for history,insanity,33222,2.4
10860,Trump <administration/> will review Iran nuclear deal despite compliance,Tweet,21110,1.0
10008,"U.S. BERNIE SANDERS MIRRORS TRUMP , BLAMES HILLARY CLINTON FOR NOT COMBATTING RUSSIAN <MEDDLING/> , DENIES IT HELPED HIS CAMPAIGN",Stealing,00000,0.0
13145,"Sen. Jeff Flake says he will not seek re-election in 2018 , citing nastiness of Trump-era <politics/> ",bathrooms,22220,1.6
1582,Can Democrat Doug Jones pull off an upset in <Alabama/> ?,bed,33220,2.0
12796,' Who the hell is <Dana Rohrabacher/> ? ' Seth Meyers asks on ' Late Night ' as he slams the congressman,batman,11110,0.8
744,Trump Asked Sessions to Drop <Joe Arpaio/> Case : Report,vampire,22111,1.4
13357,"“ It ’s painfully obvious "" Mueller will charge Trump says Roger Stone . Obstruction of <justice/> or "" process-related matter ” most likely .",plumbing,31110,1.2
119,No more ' monkey business ' ? Trump touts big <jobs/> number as proof of improvement,monkey,22100,1.0
1551,Trump Budget Gambles on Having This <Equation/> Right,Bet,21100,0.8
1568,Burma : Rohingya <children/> ' beheaded and burned alive ' as refugees continue to flood into Bangladesh to escape violence,lobster,20000,0.4
470,Trump was not aware that appointed <Steve Bannon/> to the National Security Council,hyena,21100,0.8
12325,"Nearly 100,000 <flee/> Bali volcano as tremors intensify",feed,11000,0.4
9491,Iran 's bad behavior leaves Trump with just one <choice/> ,soda,21100,0.8
3954, <Chinese/> ' chuckle at Trump for messing up picture-perfect America ' : State media,Simpletons,21000,0.6
5173,North Korea missiles : US warships deployed to Korean <peninsula/> - BBC News,saunas,21000,0.6
3520,Trump <rails/> against Republican Obamacare rebels - BBC News,shivers,10000,0.2
700,Donald Trump accuses Obama of orchestrating protests and <leaks/> against him,dances,32211,1.8
12384,"Black <men/> sentenced to more time for committing the exact same crime as a white person , study finds",cats,20000,0.4
2104,Cold weather : Do n't <leave/> these things in your car when temps fall,Cook,21100,0.8
369,Australian government unveils <gun/> amnesty amid terror warnings,terrorist,11100,0.6
5571,Banksy Puts Mark on Bethlehem Hotel With ‘ Worst <View/> in the World ’,pencil,11000,0.4
6095,' I think he 'll be just fine ' : Trump hints at <pardon/> of controversial former Arizona sheriff Joe Arpaio,incarceration,21000,0.6
7346,The strange collection of extremists running for office as <Republicans/> ,walnuts,32210,1.6
6186,The Alex Jones influence : Trump ’s “ deep <state/> ” fears come from his conspiracy theorist ally and adviser,dish,32111,1.6
10668,"US politics , Fed speeches and <oil/> on the agenda for Wall Street",granola,11100,0.6
1808,Trump speech puts <emotion/> ahead of problem-solving,toupee,31100,1.0
2177,Obama 's letters to college <girlfriend/> ,dropout,22100,1.0
7731,Cohen <mentioned/> in Trump 's annual financial disclosure report,allowance,11100,0.6
12133,"Sen. John McCain will <support/> GOP tax plan , boosting bill 's chances ahead of Senate vote",tickle,22000,0.8
7863, <Watch/> : Conservative political advocate Matt Schlapp says Trump ’s ties to Russia are “ probably treasonous ”,clock,00000,0.0
8913,Medicare-for-all progressive may just pull out a <win/> in a key Nebraska House primary,tooth,11110,0.8
7716, <Trump/> 's 180 Degree Shift on Russia Brings Geopolitical Whiplash,Globe,21000,0.6
14661, <Retirement/> Tips for the Age of Trump,Cheapskate,31000,0.8
14561,The Democrats ' Resistance to <Trump/> Is Pathetic,Assimilation,20000,0.4
8725,Grassley Says Manafort ’s Lawyers ‘ Are n’t Returning Our <Calls/> ’,baseballs,32111,1.6
10043,Murdoch makes $ 2.6 billion bet on Indian <cricket/> ,costume,20000,0.4
10451,Trump heads to <Capitol Hill/> to sell Obamacare repeal bill,golf,22110,1.2
4833,US Sen McCain says <Putin/> bigger threat than ISIS,cheeseburgers,32111,1.6
4113,Trump Vows China ' Will Take Down Its <Trade/> Barriers ',Language,20000,0.4
3249,Senate GOP health care bill <vote/> : The whip count,punishment,21110,1.0
12988,"Bernie Sanders blasts inequality , racism in Brooklyn College <commencement/> ",graffiti,22100,1.0
7382,Lawmakers seem confused about what Facebook does — and how to <fix/> it,use,3222220000,1.3
6266,Workers at Chinese Factory for Ivanka Trump ’s Clothing Paid $ 62 a <Week/> : Report,microsecond,21000,0.6
14729,Why this political scientist thinks the Democrats have to <fight/> dirty,eat,31110,1.2
3465,Will Trump Order Seth Rich Murder Investigation ? Former Aides Say Democrats Killed Staffer to Protect <Hillary Clinton/> ,him,10000,0.2
7032,Tillerson thanks <Mexico/> for help with Harvey,bunnies,31000,0.8
11149,' Beneath the dignity of your office : ' GOP senator says to Trump about his ' Morning Joe ' <tweets/> ,mugs,20000,0.4
14658,"Congratulations , America — you did it ! An actual fascist is now your official <president/> ",bellboy,32100,1.2
4529,"After Tanker Flips , Chocolate Bars <Traffic/> On Polish Highway",melt,33210,1.8
3229,Paul Ryan reportedly tells Trump the GOP lacks <votes/> to pass Obamacare replacement,flour,11000,0.4
12628,Mike Pence does n't stand for North Korea <athletes/> during opening ceremonies,Band,10000,0.2
5452,Why Hillary Clinton Was ‘ Shocked ’ Over Her Campaign <Beauty/> Routine,eating,32100,1.2
6881,Alek Manassian identified as Toronto <van/> attacker,Tostada,22100,1.0
12101,Iran successfully launches satellite-carrying rocket into <space/> ,tree,32210,1.6
7694,EU must give up ' nightmares ' of United States of <Europe/> : Hungarian PM,Whatever,20000,0.4
9714,‘ <Fox/> &amp; Friends ’ scolds CEOs who pulled out of Trump council,mice,10000,0.2
10066,UK universities urged to <tackle/> rising tide of antisemitism on campus,tickle,11000,0.4
13969,The Koch Brothers ’ most loyal <servants/> are serving in Donald Trump ’s White House,sisters,21100,0.8
153,Democrats Prepare For A Hard <Bargain/> On Health Care If GOP Bill Fails,Drink,22211,1.6
4237,"Under pressure , Western tech firms bow to Russian demands to share cyber <secrets/> ",lingerie,30000,0.6
2048,Trump falls short on ' drain the <swamp/> ' promises,drink,11100,0.6
8470,House Democrats look to censure Trump over ‘ shithole ’ <remarks/> ,behavior,31000,0.8
3622,Timeline of <chemical/> weapons use in Syria,foam,32200,1.4
5995,Jeff Sessions on Marijuana : Drug is ' Only Slightly Less Awful ' than <Heroin/> ,Broccoli,32111,1.6
6015,McConnell Sees No Need to Protect Mueller From <President Trump/> ,skunk,32210,1.6
10081,Pitbull sees Trump 's ' true <colors/> ' on Puerto Rico relief,undergarments,32100,1.2
2230,Rep. Vicky Hartzler opts against Senate bid to <challenge/> Sen. Claire McCaskill,buy,22210,1.4
12518,"Flush with cash and bracing for <November/> , the RNC builds an army",clash,11000,0.4
5608,Spiro Agnew 's Nattering Nabobs of <Negativity/> is now our Doddering Dotards of Deplorableness .,Silliness,21000,0.6
2959,"The Trump Family Turns To Bashing CNN , ' Fake <News/> ' Media As Russian Scandal Develops",Nose,30000,0.6
14861, <Justice/> Dept. watchdog confirms review of FBI agent communications,Kennel,11110,0.8
12293,GOP ’s health care rollback <collides/> with the opioid epidemic,jives,21111,1.2
11916,Watch Live : U.S. responds to Syrian chemical <attack/> ,concoction,32110,1.4
9025," <Person/> close to Parkland shooter called tipline in January , FBI says",pet,11000,0.4
15095,Crisis in Chicago - 60 minutes report on Chicago 's surge in <murders/> ,clowns,32210,1.6
7687,Vladimir Putin took <time/> at a press conference to gloat about Trump,Drugs,22111,1.4
7445,Panel rejects attempt by Democrats to get Trump travel <costs/> ,banned,32211,1.8
2581,Trump 's ' Impenetrable ' <Cyber/> Unit That Never Was,Cranial,32110,1.4
3786,"Trump Taxes : Three Of President 's <Appointees/> Owe IRS Up To $ 50,000 Each While Drawing Taxpayer-Funded Salaries",Pets,33220,2.0
6552,"Half of world 's <children/> at risk of war , poverty , discrimination , report finds",balloons,21000,0.6
2883,"Is the Senate <filibuster/> of Gorsuch really "" unprecedented ? """,laziness,10000,0.2
256,Chris Wallace <slams/> Fox colleagues for ' bashing the media ',praises,21100,0.8
1997,Trump suggests in <tweet/> Justice Dept is ' out to frame ' him,painting,11100,0.6
4824,Trump ’s <tax/> plan would reward the wealthy and balloon the federal debt,party,22110,1.2
11417,Turkey protests : Erdogan accuses EU of <hypocrisy/> ,lying,00000,0.0
1441,Kentucky gov. apologizes for comments linking teacher <protests/> to child abuse,vacations,32200,1.4
2798,Trump lashes out at <press/> during Arizona rally,eyebrows,21100,0.8
4354,Senate blocks <war/> powers resolution for Yemen,super,32110,1.4
2908,Republicans find their email scandal for Robert Mueller ’s <investigation/> ,lips,32100,1.2
12814,United States tells WTO of concerns over <China/> 's new web access rules,library,00000,0.0
14574,Report : Jeff Sessions <spoke/> with Russian ambassador at least twice during the election,slept,32100,1.2
10623,America ’s former envoy to Afghanistan says the <war/> ca n’t be won,trophy,11000,0.4
1189,Trump wants to “ zero out ” EPA <programs/> ,evidence,11000,0.4
13198,"Trump will pardon conservative pundit Dinesh D'Souza , who was convicted of campaign <finance/> violation",dance,22200,1.2
2742,"House Majority Whip Scalise Is Wounded After Gunman Fires At <Baseball/> Practice In Virginia , USA",target,22000,0.8
11537,Stormy Daniels passed a lie-detector test in which she said she had unprotected sex with <Trump/> ,animal,21000,0.6
5922,Naked Donald Trump statues pop up in <cities/> across the U.S.,landfills,33221,2.2
1030,Trump Tells Russia ‘ <Get Ready/> ’ For Syria Missile Strikes,Hooray,21111,1.2
4446, <Suicide/> blast targeting busy Baghdad restaurants kills at Least 13,pineapple,31000,0.8
13945,Major blow to Ukraines <Ammunition/> supplies .,mug,21100,0.8
6885,African <states/> wary of potential repeal of ' conflict minerals ' rule,elephants,22210,1.4
8473,Tillerson Recuses Himself From Keystone XL <Pipeline/> Review,beer,21110,1.0
42,House finance committee wants info from Deutsche Bank on Trump <loans/> and Russia ' mirror trades ',theft,11100,0.6
10142,DOJ charges 11 possible <caravan/> members with illegally entering the US,circus,33220,2.0
9538,Duterte spokesman : Trump <offered/> to return Philippine fugitive during bilateral talks,forgot,32220,1.8
9975,"Selloff rocks Italy , central bank raises <alarm/> over political crisis",Voice,22110,1.2
4138,Treasury <watchdog/> probes possible leak of Trump lawyer ’s bank transactions,prostitute,20000,0.4
5986,Bernie Sanders urges <progressives/> to seek more electoral wins,politicians,10000,0.2
5236,The Halfhearted Opposition to the G.O.P. ’s <Health/> Care Misery,skin,11000,0.4
9834,Kremlin : No positive shift yet on Russia-US <ties/> ,bingo,32210,1.6
2226, <Shooting/> at Great Mills High School in Maryland School Confirms,prom,00000,0.0
2772,Chile election ends era of female presidents in Latin <America/> ,Dance,21110,1.0
5659,Top court <rejects/> challenge to Maryland assault weapons ban,adores,11000,0.4
9362,Mattis asks former U.S. <ambassador/> Anne Patterson to take a top job at the Pentagon,pacifist,11000,0.4
11883,"FOX NEWS : US closer than ever to ' nuclear war with <North Korea/> , ' Mullen says",information,31100,1.0
9624,Kenya county officials blame military for 5 in shallow <grave/> ,cake,21000,0.6
6233,DOJ ends program that oversees local police <departments/> ,showers,11000,0.4
4063,Is Paul Ryan ’s retirement a sign Republicans are <giving/> up ?,waking,20000,0.4
11345,Armando Iannucci : ' You 're on a <highway/> to nowhere if you think jokes are going to stop Donald Trump ',tractor,31100,1.0
1291,"Kushners , Brookfield Near <Deal/> on Troubled 666 Fifth Ave. , Sources Say",dungeon,32100,1.2
8762,What Roy Moore 's <campaign/> can teach us about partisanship,song,11100,0.6
244, <Pentagon/> flagged Kaspersky as potential threat in 2004,pirate,21100,0.8
5900,"Clinton Wo n't Rule Out Questioning 2016 <Election/> , But Says No Clear Means To Do So",cars,00000,0.0
1837,"Comey ’s Writing a <Book/> , and Publishers Are Eager to Pay Big Money for It",sentence,31000,0.8
13027," <Donald Trump Jr./> should publicly testify in Russia probe , Democrat on Senate Judiciary Committee says",Accident,10000,0.2
8953,"Kelly calls some of Trump ’s <campaign/> pledges on immigration , wall ‘ uninformed , ’ meeting attendees say",fraternity,11110,0.8
13133,Betsy Devos confirmed as education secretary after Pence breaks senate <tie/> ,gavel,21100,0.8
2029,Democrats <flipped/> a Missouri state legislature seat that Trump won by 28 points .,Bronzed,22110,1.2
3369,Brexit : Britain says it should still be able to influence EU <regulations/> after leaving EU,accents,22110,1.2
4883,Timeline of chemical weapons use in <Syria/> ,salsa,21100,0.8
4633,Trump wants to make Wall Street <great/> again,fail,33211,2.0
13961,"Trump : ' Unacceptable ' McConnell , Senate GOP unable to <pass/> health care bill",write,10000,0.2
26,"Trump Rips Mueller Target Papadopoulos as ‘ Liar , ’ ‘ Low Level <Volunteer/> ’",player,22200,1.2
5826,U.S. ambassador to U.N. says <Russia/> tearing down global order,liberals,10000,0.2
7464,Report : Trump 's <lawyer/> circulates email with secessionist rhetoric,turnip,21000,0.6
337,Tentative Tax Deal Scraps Hit on Tuition for <Graduate/> Students,drunk,21110,1.0
1856, <Woman/> thrown out of West Virginia town hall meeting for listing politician 's oil and gas donors,Horse,32100,1.2
8590,"Rand Paul 's attacker could face more serious state , federal <charges/> ",taxes,11000,0.4
5037,Alabama GOP senator : I voted for a write-in instead of <Moore/> ,mom,31110,1.2
3075,Manchin <dodges/> party-switch fallout,embraces,21000,0.6
6929,What 's Next On The Trump Agenda ? - <NBC News/> ,spaghetti,22220,1.6
869,Woman confronts Sean Spicer : ' How does it feel to <work/> for a fascist ? ',tango,32110,1.4
9541,Hannity : Mueller Could Start ' Civil War ' In <Homes/> ,pajamas,33200,1.6
12009,Turkey <rejects/> probe into alleged Erdogan family tax evasion,welcomes,10000,0.2
6507,The Olympic <Gold Medal/> for Sucking Up to a Murderous Totalitarian Regime Goes to …,Vacuum,21000,0.6
10003,Here 's what really caused the <housing/> crisis,basketball,22100,1.0
6865,Why blue <states/> might ditch beloved Obamacare protections,jeans,11000,0.4
12451,"Report : Texas bathroom <bill/> diverted from school , tax issues",stall,21100,0.8
8289,AP Fact Check : Where are Trump ’s ‘ tougher ’ steps on <Russia/> ?,treadmill,22200,1.2
975,"“ It ’s painfully obvious "" Mueller will charge <Trump/> says Roger Stone . Obstruction of justice or "" process-related matter ” most likely .",battery,10000,0.2
11845,Obamacare Stalwart Anthem Seen Likely to <Retreat/> for 2018,exfoliate,21000,0.6
12107,"Jimmy Carter collapses from <dehydration/> , receives medical attention",overeating,21000,0.6
5206,Puerto Rico benchmark bond drops to record low after Trump <remark/> ,support,21100,0.8
4845,Trump ’s own voters are now warning him against firing <Robert Mueller/> ,bazooka,22210,1.4
13786,Franken Reiterates He Wo n't <Resign/> : ' I Know That I 've Let A Lot Of People Down ',diet,31111,1.4
4784,"An Obamacare insurer flees another <state/> , blaming Trump and the GOP for sabotage",bird,10000,0.2
2097, <Taylor Swift/> claims Denver DJ sexually assaulted her back in 2013,Hen,00000,0.0
770,TRUMP <FUMES/> AT MUELLER AFTER COHEN RAID : ' It 's an attack on our country ',LAUGHS,00000,0.0
3967,Trump Russia claims : <Mood/> in the White House is ' fantastic ',coffee,21110,1.0
12059,How <America/> feels about Trump,marshmallow,10000,0.2
4136,Edible cookie dough craze hits the <heartland/> ,waistline,32222,2.2
13624,"Martin O'Malley believes Trump was "" very much aware "" of what <Russians/> were Doing",babies,22110,1.2
10564,Russian wanted in US caught in <Greece/> for money laundering,Laundromat,33220,2.0
14944,New York Judge Is Asked to Toss <Defamation/> Suit Against Trump,bedroom,10000,0.2
3298,Trump Says He May Pull <Immigration Enforcement/> From California,gold,21100,0.8
9895,Obama Admin lawyers had ‘ justifiable concerns ’ about sharing intel with <Trump/> team .,spy,21000,0.6
14828,Comey Testimony : Trump Faces Cost of Listening to Bad <Advice/> ,music,32110,1.4
8679,North Korea : China and Russia call on US to <freeze/> military exercises in bid to cool tensions,escalate,11100,0.6
5901,"As Someone Who <Grew/> Up Among Fundamentalist Christians In The US , I 'm Surprised Anyone 's Surprised About Roy Moore",partied,10000,0.2
14436,Liu Xiaobo supporters mark his death amid concerns for <widow/> ,Health,10000,0.2
10524,Wanda Sykes Gets Right To The <Point/> With Donald Trump Diss,Prostrate,11000,0.4
8757, <Soldier/> ’s widow shares her call with Trump,black,10000,0.2
13157,Donald Trump inauguration : Watch moment <billionaire/> becomes President and gains control of nuclear codes,child,32110,1.4
11240,Trump was told weeks ago that Flynn <misled/> Vice President .,tricked,21100,0.8
8699,Federal Scientists ’ Startling Climate Report Released Before <Trump/> Can Bury It,gravediggers,32100,1.2
1083,Congress should pass laws giving <taxpayers/> more bang for the buck,fireworks,31110,1.2
9543,Manhattan DA reportedly dropped felony fraud case against Trump 's kids after donation from Trump 's <lawyer/> ,doppelganger,32110,1.4
1680,Dick 's soaring sales prove it can succeed without assault <rifles/> ,skis,21111,1.2
9891,Violent <protests/> between Pro and Anti Trump folks in Berkeley,dancing,21111,1.2
6189,U.N. to <vote/> Monday on call for U.S. Jerusalem decision to be withdrawn,party,11100,0.6
12874,Readers on the Fake News <awards/> presented by President Trump,articles,11000,0.4
4517,Pelosi tells Democrats that GOP is ' stonewalling ' on the investigation into <Russia/> and Trump,Toupee,33211,2.0
3776,Donald Trump celebrates Hispanic Heritage Month by mocking Puerto Rico in <Spanish/> ,song,21100,0.8
1375,CIA awards Saudi crown prince with medal for counter-terrorism <work/> ,terrorism,21000,0.6
4945,Trump ’s <mouth/> battles the storm,hair,33222,2.4
10542, <Couple/> who rented condo to Pruitt pays fine to D.C.,Student,10000,0.2
4640,Dakota Access Pipeline Owner Sues <Greenpeace/> For ' Criminal Activity ',submarine,10000,0.2
5199,"Franken holds press conference to ' take responsibility ' for sexual harassment accusations , refuses to <resign/> ",speak,20000,0.4
7376,"Trump 's ' overall health is excellent ' says <doctor/> , weight loss a goal",pallbearer,33211,2.0
12436,"Evidence Russia tipped election for Trump “ staggering , ” says former U.S. <intelligence/> chief James Clapper",insurance,10000,0.2
4942,The Washington Post issued a strange correction about that time Sean Spicer <hid/> near the White House bushes,streaked,11110,0.8
2387,Cohen <mentioned/> in Trump 's annual financial disclosure report,doodled,32200,1.4
12611,TV station in Afghan capital comes under <attack/> ,investigation,11000,0.4
2669,Trump has disclosed confidential intel to the <Russians/> ,parrot,32110,1.4
398,Listen : Trump Records <Campaign/> Robocall For Roy Moore,Musical,22211,1.6
8691,This revealing anecdote unmasks Trump ’s <dehumanization/> game,Charades,11100,0.6
7268,Kasich-Hickenlooper 2020 ? It could <happen/> ,worsen,21100,0.8
11010,Stock futures point to sharply lower opening after Wall Street-friendly <Cohn/> resigns,bridge,10000,0.2
5040,Man Tasked With Investigating Trump ’s Ties To <Russia/> Makes Friendly Visit To White House,knot,21000,0.6
6789,These Google employees used their '20 percent ' time to improve <Maps/> for people in wheelchairs,Lasers,21000,0.6
2616,Delingpole : Urgent Memo to Donald Trump — Biggest Threat to the Environment Are <Environmentalists/> ,squirrels,32000,1.0
7258,Schumer calls on Trump to appoint official to oversee Puerto Rico <relief/> ,rum,32100,1.2
5022,An anti-immigration rally in <Brazil/> turns violent,campground,00000,0.0
6251,Thousands of women march in <cities/> across the world to express support for President Trump,sewers,33110,1.6
13090,Up to 10 dead in Texas school <shooting/> ,cookoff,22110,1.2
13899,"IMF cuts U.S. growth outlook , cites uncertainty around Trump <policies/> ",gambling,22210,1.4
2941, <Taiwan/> court to rule in in landmark same-sex marriage case,Heterosexual,00000,0.0
3591,"Paul Manafort , and the <Weakness/> of Trump",orangeness,33310,2.0
10313,Trump is reportedly worried and in ' dark <moods/> ' over scrutiny of his shadowy lawyer Michael Cohen,corners,33222,2.4
2715,Trump is caught promising to ' release the <memo/> ' on hot mic,kraken,333333222221110,2.066666666666667
2967, <Trump/> judicial nominee refuses to express support for landmark desegregation ruling,bonehead,31000,0.8
11263,U.S. Treasury Department Announces New <Sanctions/> On Iran,recipes,11100,0.6
5590,Charlottesville covers Confederate monuments with large black <fabric/> ,swastikas,21100,0.8
3198,Report : 2 White House officials helped give House Intel chair classified <intelligence/> reports,drinking,11110,0.8
8568,The procrastinator 's guide to <viewing/> the solar eclipse,delaying,32200,1.4
205,Male congressman questions why <men/> have to pay for prenatal care . Really .,babies,21000,0.6
9545,"Keystone pipeline wo n't have to use American <steel/> , despite Trump 's repeated promises",fingernails,21100,0.8
4592,Rex Tillerson : US has ' direct channels ' to <Pyongyang/> ,television,21111,1.2
7960,Steve Wynn resigns as RNC <finance/> chair,cookie,20000,0.4
8781,When Nigel Farage met <Julian Assange/> ,mammals,11100,0.6
15002,Secretary Zinke called Alaska 's <senators/> to threaten them over health care vote,moose,31110,1.2
10188,It ’s wishful thinking to blame Hillary Clinton ’s <loss/> on Cambridge Analytica,hair,32100,1.2
4739,Report : Millions of <tweets/> spread anti-Semitic messages,matzos,21100,0.8
4973,"Trump , <honoring/> Navajos , revives ‘ Pocohontas ’ jab at Warren",amusing,10000,0.2
721,Zimbabwe crowns first ' Miss Albino ' in bid to tackle <stigma/> ,quarterback,32100,1.2
6510,A detailed <analysis/> of the Trump-Palin-Nugent-Kid Rock photo,apology,11000,0.4
14235,Trump threatens to cut <aid/> to UN members who vote for withdrawing his Jerusalem decision,cookies,32100,1.2
14337,The six tribes that could shape Europe 's <future/> ,dough,31000,0.8
12161, <Canada/> blocks Chinese takeover of Aecon on national security grounds,moose,21100,0.8
5439,Why Hillary Clinton Was ‘ Shocked ’ Over Her Campaign Beauty <Routine/> ,cleanser,00000,0.0
7673,Google <employees/> are spending heavily to elect Democrats in California and to flip the House,searchers,21000,0.6
4410,3 in National Guard disciplined over use of dinosaur <hand/> puppet during oath ceremony | Fox News,lingerie,22210,1.4
2020,Top Republicans urge Sessions to appoint special counsel to <probe/> FBI,cuddle,21110,1.0
3383,"Most protesters arrested on Inauguration Day will face felony rioting <charges/> , federal prosecutors say",Mob,10000,0.2
3192,France is ‘ hunting down its citizens who joined <Isis/> ’ without trial in Iraq,teams,11000,0.4
1544,John McCain : GOP <health/> care bill likely ' dead ',hair,33221,2.2
5812,Trump is blaming Democrats for the failing <health/> care bill . That makes no sense .,lawn,22111,1.4
3698,Trump announces U.S. military strikes in <Syria/> ,cafeteria,11111,1.0
10952,Supreme Court allows broad Trump <refugee/> ban,pajama,32211,1.8
2903,Kelly wo n't commit to defending DACA in <court/> ,shorts,22110,1.2
2673,Bernie Sanders and 16 <Senate/> Dems just released their new single-player plan,Homeless,10000,0.2
6771,"U.S. Adds 227,000 <Jobs/> in Jan. , Jobless Rate at 4.8 %",bananas,21110,1.0
3078,Wilbur Ross surprised there were no <protests/> in Saudi Arabia,people,22100,1.0
13986,House panel approves proposal to <privatize/> air traffic control,eliminate,32200,1.4
3302,Plastic <pollution/> threat to wildlife and Scotland 's most beautiful beaches,tourist,10000,0.2
5045,"Jordan Selects Finalists to Bid for 300MW of Solar , Wind <Power/> ",earth,10000,0.2
5364,"Out of loopholes , Trump must disclose Stormy Daniels <debt/> in next financial report",fee,22110,1.2
14800,Trump Kicks Off G-20 <Summit/> With Rage Tweets Referencing Russian Election Meddling,Bout,10000,0.2
3521,Russian Prime Minister Slams Trump Administration ' Weakness ' Over U.S. <Sanctions/> ,Bribes,00000,0.0
12917,Trump defends national <security/> adviser H.R. McMaster amid calls for his firing,restaurant,10000,0.2
4216,Trump <Impeachment/> House Parties To Take Place Across U.S. Ahead of Presidents Day,rave,22111,1.4
8242,Cory Booker Votes Against Gay Trump Nominee After Posturing as Gay <Rights/> Champion,rodeo,33321,2.4
334, <Man/> Catches Teen Falling From Amusement Park Ride : ‘ It ’s OK to Let Go ! ’,Kangaroo,31100,1.0
3573,Advocacy group accuses military <justice/> system of racial bias,pay,11000,0.4
16,The Russian government is giving up control of <Kalashnikov/> ,voting,32100,1.2
14137," <Trump/> vows ' no amnesty ' for ' Dreamers , ' says GOP leaders ' on board ' with talks",Pope,21100,0.8
8681,Trump Settles Second Suit Against Chef Who <Ditched/> D.C. Hotel,kicked,11000,0.4
13109,Hillary Clinton warns LGBT progress may not be secure under <Trump/> ,bridge,11110,0.8
7800, <Bangladesh/> on high alert ahead of verdict against ex-PM Zia,Zoos,00000,0.0
6666,California man <celebrating/> his anniversary killed in Barcelona terror attack,avoiding,11110,0.8
3730,Trump told Mexico 's president in contentious call to stop publicly saying the country wo n't pay for the <border/> wall,taco,32211,1.8
8980,Republicans partner with Democrats to end failed ' <Kansas/> Experiment ',government,31000,0.8
14582,"Young people are <leaving/> the Republican Party in droves , new study finds",harassing,22000,0.8
268,"After EPA communications lockdown , environmental agencies ' terrified ' of <Trump/> ",bears,22100,1.0
8367,How states can <fix/> the Electoral College and prevent future Trumps,blame,31100,1.0
11299,New Commission on <Election/> Integrity plays into a false reality of a problem that does not exist,Dollhouse,21000,0.6
6765,EPA begins review of key Obama <methane/> rule,multiplication,21100,0.8
8092,"Russia hits back at claims Trump shared classified <information/> , calls them ‘ dangerous ’",medications,31100,1.0
8853," <DR Congo/> : 250 killed in ' ethnic ' massacres , says UN",Uncool,31100,1.0
8418,"' Shut up , Arthur , you Nazi ! ' : Trump backer leads the resistance to the <resistance/> in California",cliff,00000,0.0
10813,"POLITICS FEB 28 2018 , 2:02 PM ET Mueller asking what Trump <knew/> about hacked emails",hid,10000,0.2
10825,"Trump 's sabotage <politics/> : Break things , then take credit when others fix them",hunting,10000,0.2
1822,Iranian Animation Depicts Battle With <U.S. Forces/> in Gulf,Fish,32221,2.0
3080,Tillerson Says Military Options Against <North Korea/> ' on the Table . ' What 's That Mean ?,mimes,21100,0.8
9002,Contradictions upon contradictions in the tale of Trump <payoff/> to porn star,offer,10000,0.2
15060,Trump 's 2020 campaign is raising millions from small <donors/> and spending it on legal fees,mice,21100,0.8
8992,GOP panicking as <signs/> point to imminent Mueller blockbuster,fingers,20000,0.4
558,Connecticut pastor charged with <stealing/> $ 8G in electricity,praying,10000,0.2
2628,Republican Medicaid Cut In Kentucky Would Slash 9000 More <People/> From Health Coverage,turkeys,11111,1.0
2302,"Ample tax cuts for <business/> , wealthy in new GOP tax accord",prisons,10000,0.2
805,History <Made/> : ‘ American Gods ’ Features TV ’s Most Explicit Gay Sex Scene Between Muslims,Consummated,11000,0.4
876, <Manslaughter/> charges eyed in deadly Grenfell Tower blaze,Singing,00000,0.0
7670,Republicans are trying to destroy the very idea of neutral <judgment/> ,gear,21000,0.6
6545,McConnell Talks Up <Sessions/> As Write-In Candidate To Replace Roy Moore,owl,32200,1.4
7334,Police say 7 dead in Sri Lankan <building/> collapse,chair,11000,0.4
12712,Nutella sale leads to ugly <brawls/> in French supermarket aisles,riots,32200,1.4
6591,"Republican Vermont governor <vetoes/> marijuana bill , wants changes made",smokes,32222,2.2
9033,Limbaugh : Everything Anti-Gun Parkland <Students/> Are Doing ‘ Is Right Out of the Democrat Party ’s Various Playbooks ’,Animals,22000,0.8
2744,"Ted Cruz <Tweets/> Zodiac Killer Confession , Extending the Internet 's Favorite Meme",signs,32200,1.4
6757,Ex-Serbian Soldier Attacks U.S. Embassy in Montenegro with <Grenade/> ,confetti,32220,1.8
6033,Disney Says Promised Bonus Depends On <Workers/> Signing Wage Contract .,Servants,21100,0.8
1336,Democratic Sen. Joe Manchin skips Obama Hill <meeting/> ,climb,11000,0.4
5336,Zambian opposition leader Hichilema charged with <treason/> ,ions,32000,1.0
8747, <Lebanon/> LGBT scene empowered despite crackdown,straight,21100,0.8
952,"London Hit By Suspected <Terror/> Attack Days Before Election , PM Says",banality,21000,0.6
1019,"Fox News host goes on epic 4-minute rant on Trump 's pattern of false <statements/> : ' Mr. President , that 's your swamp '",hair,22111,1.4
13936,Robert Reich : 7 hard <truths/> Democrats must acknowledge if they want a better future,candies,33111,1.8
14554,Who to believe on UK spy attack : official <condemnation/> or Trump 's equivocation ?,reality,22100,1.0
2574,Trump ’s Draft <Executive/> Order on Detention and Interrogation,pizza,21100,0.8
9218,Former president 's <movement/> disorder mimics Parkinson 's,pasta,21100,0.8
1300,How Canada <ended/> gerrymandering,outlined,10000,0.2
8369,"Is the <Senate/> filibuster of Gorsuch really "" unprecedented ? """,ghost,11000,0.4
2627,"May Jobs Report : <Unemployment/> at 16-Year Low ; Payrolls Add 138,000",reservoir,00000,0.0
2695, <Time/> Asks Donald Trump to Remove Fake Cover From Business Properties,Vagrant,22210,1.4
7755,Americans strongly back military <use/> to defend allies from North Korea,Bugles,21100,0.8
170,Effect of US military ban on transgender <troops/> remains to seen,congressmen,32000,1.0
11981,"Volcanic eruption in Japan spreads <ash/> in 4 cities , towns .",Pudding,32110,1.4
173,Five tough questions for Trump on <immigration/> ,triangles,33221,2.2
4088,"Kushner , CIM to Get $ 600 Million JPMorgan Loan for <Brooklyn/> Site",swamp,20000,0.4
8016,"Iran 's supreme <leader/> shares photo reading Michael Wolff 's "" Fire and Fury """,donkey,33100,1.4
13930,Trump wo n't condemn white supremacists or <Vladimir Putin/> — and the 2 are closely linked,sheets,32210,1.6
13206,Trump lawyers scramble to prepare for new <stage/> of Russia probe,eggs,31110,1.2
13934,Widespread killings of <candidates/> cast shadow over Mexican elections,animals,00000,0.0
10285,Why Obama Just <Wrote/> Articles in 3 Academic Journals,banned,20000,0.4
3554,A <Gun/> Nut ’s Guide to Gun Control That Works,human,10000,0.2
13225,Steve Bannon <Meets/> with Billionaire Mercer Family as He Prepares for #War,canoodles,21000,0.6
1907,Indictment : Social media firms got played by Russian <agents/> .,ballets,32110,1.4
7280,Stormy Daniels cooperating with federal <investigators/> ,strippers,33222,2.4
14994,' Mega-colonies ' of penguins discovered in <Antarctica/> ,desert,33211,2.0
5311,Shocking <scale/> of US drinking water crisis,bottle,10000,0.2
5918,"CPAC — Steve Bannon , Reince Priebus Call Out ‘ Opposition Party ’ [ the <Media/> ] : ‘ It ’s Always Wrong ’",truth,10000,0.2
4726,Brazil 's Temer accused of passive <corruption/> by police,aggression,21000,0.6
14252,Comey and the art of the well-timed <leak/> ,steak,22211,1.6
4412,Senate Intelligence Panel <Subpoenas/> Former National Security Adviser Michael Flynn,Subhuman,11100,0.6
360,Donald Trump Begins Yet Another Day By Attacking <Jeff Sessions/> ,salami,31111,1.4
6386, <Hope/> You Do n't Expect The Senate GOP To Be Transparent About Obamacare Repeal,Surely,11000,0.4
997,Majority of Americans against Trump 's wall and do not believe <Mexico/> will pay for it,anyone,32100,1.2
11947,Crowd repeatedly shouts down House Oversight chairman in raucous town hall <meeting/> ,funeral,22100,1.0
9497,Did the 2011 White House correspondents ’ dinner spur Trump to run for <president/> ?,exercise,33220,2.0
9889,"Chris Cornell , Soundgarden frontman , <dies/> aged 52",graduates,00000,0.0
7708,Pro-Trump pundit Kayleigh McEnany transitions from CNN to White <House/> propaganda news service,Man,32221,2.0
4319,Stop pretending the estate tax has anything to do with us family <farmers/> ,values,20000,0.4
12942,The Democrats ' <Resistance/> to Trump Is Pathetic,Loyalty,21000,0.6
658,"Peskov : Trump lawyer wrote to <Kremlin/> , got no response",Santa,33222,2.4
12509,"Disney is ending its <distribution/> agreement with Netflix , will launch a stand-alone platform",princess,00000,0.0
6407,President Trump to <hold/> another Q&amp;A on The Donald subreddit this Wednesday,bungle,32221,2.0
4151,"Trump , Senate GOP scramble to change tax plan to gain <votes/> ",weight,3331111100,1.4
13507, <Jeff Bezos/> Screws Over Workers At Amazon . Now He Wants To Do The Same At The Washington Post .,Robot,22110,1.2
14892,Congress requires many unpaid <interns/> to sign nondisclosure agreements,politicians,21000,0.6
8285,Is it <Watergate/> yet ?,gelatin,22000,0.8
7609,Mitch Landrieu ’s Speech on the Removal of Confederate <Monuments/> in New Orleans,Reenactors,11100,0.6
13771,Protesters read Coretta Scott King letter outside McConnell 's <house/> ,bathroom,3222111110,1.4
5078,"Sniper who killed ISIS jihadi with record <shot/> should be "" celebrated , "" says Trudeau",player,3211110000,0.9
11518,White Nationalist Blames <Trump/> in Campaign Rally Assault Suit,Toddler,32100,1.2
3414,Lee Relative Who Denounced White Supremacy Resigns As <Pastor/> Of N.C. Church,Wizard,32111,1.6
9338,Goldman warns on irreversible Brexit <plans/> ,neckties,21100,0.8
4077,FBI nominee says Trump-Russia <probe/> is no ' witch hunt ',infatuation,21000,0.6
14146,' I think he 'll be just fine ' : Trump hints at pardon of controversial former <Arizona/> sheriff Joe Arpaio,toy,21110,1.0
12322,Major evangelical leader says Trump gets a “ mulligan ” on Stormy Daniels <affair/> ,meteorology,10000,0.2
5048,The House just passed a 20-week <abortion/> ban . Opponents say it 's “ basically relying on junk science . ” - Vox,Candy,32221,2.0
3000,GM CEO says company wo n't change production plans despite Trump <tweet/> ,graveling,10000,0.2
4630,Trump slams Venezuela at UN ; Maduro calls him ' <Hitler/> ',crazy,21100,0.8
1717,Trump : Hope <Kim Jong Un/> will do what is right,Janitor,22100,1.0
5941,Barack Obama ’s Chicago <Library/> Is Not a Library Nor a Believer in the ‘ Community ’,museum,00000,0.0
13396,"Nestle , Cuba lay first stone for $ 55 million coffee and biscuit <factory/> ",cafe,31000,0.8
8434,Austrian <Burqa/> Ban Passed into Law,Weightlifting,31000,0.8
2720,DACA should be a national security priority . It makes <America/> safer .,partying,22110,1.2
12634,"U.S. Spies , Seeking to Retrieve Cyberweapons , Paid Russian Peddling <Trump/> Secrets",magician,22211,1.6
968,"North Korea accuses Trump of having "" war <fever/> """,elephants,32220,1.8
13458,"Spanish PM thanks police , says they acted with ' <firmness/> and serenity ' .",beauty,11100,0.6
3261,"Manafort Lender Asked About <Pentagon/> Job After Trump Win , Lawmaker Says",Hand,33222,2.4
6886,Susan Sarandon : ‘ I Do n’t Think Trump ’s Gon na Make It Through His Whole <Term/> ’,sandwich,32110,1.4
14184,Mitch Landrieu ’s Speech on the <Removal/> of Confederate Monuments in New Orleans,Nudity,21110,1.0
12934,"Risen From the Grave , Keystone XL <Pipeline/> Again Divides Nebraska",titan,10000,0.2
14967,Are Democrats being Donald Trump ’s ‘ pawns ’ by boycotting his <inauguration/> ?,spaghetti,32111,1.6
2749,Syrian Rebel Factions Say They 're Freezing Participation In <Peace/> Talks,iceberg,21100,0.8
1751,"Trump ’s State of the Union delivered more drama , passion , patriotism than his Hollywood <critics/> have all year",Nightgowns,21100,0.8
10794,Lawmakers From Both Sides Of The Aisle Fume Over Trump <Leak/> Allegations,steak,11110,0.8
13972,Trump border wall : Texans receiving letters about their <land/> ,ladders,11100,0.6
11330,Facebook increases number of <users/> affected by Cambridge Analytica data scandal to ' up to 87 million ',vegetables,00000,0.0
3413,Ambassador Scott Brown acknowledges State Dept. investigated him over ' insensitive ' <comments/> ,dance,21110,1.0
788,Liberals To Senate Democrats : ( Do n't ) Do Your <Jobs/> ,taxes,11110,0.8
3688,AP Fact Check : How ’s Trump ’s border <wall/> coming along ?,collie,22110,1.2
1114,Why blue <states/> might ditch beloved Obamacare protections,bloods,10000,0.2
1683,U.S. government posts $ 192 billion deficit in <February/> ,Monopoly,32100,1.2
1921,Merkel reassures EU over lack of Berlin coalition <deal/> ,catering,00000,0.0
6383,Brexit ' could be model for <Turkey/> ',nobody,11110,0.8
6114,Scout Schultz : LGBT activist shot dead by police at <Georgia/> University,compliance,21000,0.6
2090,HOW TO <IMPEACH/> DONALD TRUMP : LARRY FLYNT IS OFFERING $ 10 MILLION TO ANYONE WITH SUITABLE INFO,BRIBE,31100,1.0
12904, <Trump/> Takes Own Path as G-7 Fails to Reach Unity on Climate,Tree,11000,0.4
9824,Trump promotes Obamacare <reform/> amid questions over Michael Flynn,party,22100,1.0
3923,"BuzzFeed Posts Unverified Claims on <Trump/> , Igniting a Debate",trolls,21111,1.2
4012,Defeating ISIS is n’t enough : Trump urgently needs a new <Syria/> policy,cereal,21110,1.0
2258,"Trump heads overseas , turmoil in his <wake/> ",ear,32210,1.6
10334,Slovak journalist and his <partner/> murdered in a suspected assassination linked to his work .,typewriter,31100,1.0
14871,Sexual harassment hearings come as California <Capitol/> is roiled by accusations and a resignation,Raisin,22100,1.0
10545,"Men with curved penises have a greater risk of <cancer/> , study finds",diabetes,20000,0.4
4435,Hundreds Of Thousands Of ' Missing ' Educators ; A Hundred Thousand Homeless <Students/> ,books,00000,0.0
15050,American Otto Warmbier Has Been Released From A North Korean Prison - In a <Coma/> ,Tuxedo,21110,1.0
6897,"McCain memoir to reveal his ' no-holds-barred <opinions/> ' on Trump , publisher says",Wrestling,31100,1.0
6300,"Syria Vows To Sign Paris Agreement , Leaving U.S. Alone In <Climate/> Denial .",Reality,00000,0.0
1656,Another day of reckoning : Return of powerful winds make Thomas <fire/> dangerous again,muffin,10000,0.2
6369,Trump suddenly replaces acting Customs <head/> Daniel Ragsdale with Thomas Homan,janitor,11100,0.6
6672,Betsy DeVos Made Me Want To Run For <School/> Board,nut,22210,1.4
13327,The corporate media ignores the rise of <oligarchy/> . The rest of us should n't,zombies,32210,1.6
13908,Breaking : Bannon <removed/> from security council,chased,32110,1.4
14138,"Trump ’s ' <Home/> Run ' Trip Leaves White House Happy , Europe Mixed",triathlon,11110,0.8
423,Pakistan officials adamant that ' hero ' doctor who helped capture Osama bin Laden <remain/> behind bars,tango,21110,1.0
4480,White House works to release Republican <memo/> despite FBI warning,kraken,33310,2.0
9248,U.S. ambassador to U.N. says Russia tearing down global <order/> ,delivery,00000,0.0
14277,"Sara Netanyahu , Wife of Israeli Prime Minister , to <Face/> Fraud Charges",Avoid,11110,0.8
4266,Trump Seeks Shift in Visa Allotments Crucial to Tech <Outsourcing/> ,support,11100,0.6
12153,VA conceals shoddy care and health workers ' <mistakes/> ,nipples,22221,1.8
14071,"' <Father/> of Pac-Man , ' Japanese arcade pioneer Masaya Nakamura dies at 91",Husband,00000,0.0
13450,The author of the ' fake news ' dossier on Trump 's ties to <Russia/> is looking increasingly credible,Laundry,31000,0.8
13706,"Labour will vote against Brexit deal if EU terms not matched , Jeremy Corbyn <reveals/> ",hopes,20000,0.4
6749,Mitch McConnell sounds close to <giving/> up on Obamacare repeal,spitting,32200,1.4
9316,How slave labor built and financed major U.S. <cities/> ,toilets,31100,1.0
5419,Cable <news/> is careening toward a defining moment,car,11000,0.4
14514,Carson proposes that poor should <pay/> more rent,forgo,00000,0.0
11707,Trump aide Hope Hicks declines to answer some questions in <Russia/> probe,anal,22210,1.4
13905,GOP ’s unsolved Obamacare dilemma : Inflict widespread <pain/> or admit defeat ?,giggles,22221,1.8
3195,Not even Trump can control the GOP <base/> ,drooling,22110,1.2
6264,Air Force Risks Losing Third of F-35s If Upkeep <Costs/> Are n't Cut,Shrubs,32210,1.6
12559,Jason Chaffetz ’s iPhone comment revives the ‘ <poverty/> is a choice ’ argument,hairball,31110,1.2
4765,Trump says US nuke <force/> must be in ‘ tiptop shape ’,shed,11110,0.8
6670,"Bin Laden ’s <son/> wants to avenge his father , ex-FBI agent says",camel,32100,1.2
1730,Sea Shepherd claims it caught Japanese fleet with dead <whale/> ,seahorse,11000,0.4
11147,Why the United encounter sparked more <outrage/> than this violent police incident,marriages,11100,0.6
3636,China Is Attempting To <Muzzle/> #MeToo,start,00000,0.0
2095,"Presidents Club : Women <Groped/> at Exclusive Charity Event Filled With Politicians , Businessmen and Media Elite",Ignored,11000,0.4
13536,FBI Deputy Director Andrew McCabe reportedly felt pressured to <leave/> by Director Christopher Wray,exercise,21110,1.0
12831,AP FACT CHECK : Trump ’s claims in his State of <Union/> address,ostriches,11111,1.0
2739,"Forget Trump – <populism/> is the cure , not the disease",hugging,32110,1.4
14234, <Trump/> Makes Headlines With Fox News Interview,Foot,20000,0.4
13314,Trump Defends Obama 's For-Profit <College/> Crackdown,Presidency,22100,1.0
7080, <Inauguration/> Crowd - 2009 vs. 2017,quilting,31000,0.8
7341,Hawaii Judge Exempts Grandparents And Other <Relatives/> From Trump Travel Ban,relics,21110,1.0
6046,Betsy DeVos : ' School decision ' to <report/> undocumented students and families,pamper,21100,0.8
9069,Ethics Office pushed White House to hire <Ivanka Trump/> amid concerns about her being informal adviser,aunt,21000,0.6
5577,' A lot of work to be done ' : Senator discusses tax reform after Trump <hosts/> bipartisan dinner,microwaves,33222,2.4
14348,A Shutdown Just <Became/> Much More Likely,blossoms,00000,0.0
5768, <Shouting/> match erupts in Senate over GOP tax plan,wrestling,33210,1.8
93,Clinton world reacts to <Trump/> : She tried to warn us,cabbage,11100,0.6
4305,Trump 's <tax/> plan is built on one of the biggest lies our parents told us about the economy,monopoly,00000,0.0
14396,"CIA , FBI launch <manhunt/> for leaker who gave top-secret documents to WikiLeaks",party,33200,1.6
665,"Trump eliminated Miss Universe finalists who were "" too ethnic "" or "" snubbed his advances , "" pageant <staff/> claim",parakeets,31100,1.0
10635,"Facing Backlash , VA Reverses Cuts To Program <Helping/> Homeless Vets : Report",tickling,31110,1.2
2025,Norwegians tell Trump : We do n't want to come to your s *** hole <country/> ,party,22100,1.0
11648,"On A Tense Press Tour Of Guantรกnamo 's <Prison/> Complex , Signs Of Expansion",athletic,21100,0.8
10140," <Earthquake/> hits Indonesia 's Java island , deaths reported",Jello,33111,1.8
1266,Police arrest man suspected of driving <truck/> that killed 4 in Stockholm,rocket,21110,1.0
7933,VA 's quiet plan to widen private <care/> with TRICARE stirs ire,headaches,30000,0.6
14973,Gingrich : Trump and Scaramucci ' speak the same <language/> ',gibberish,2222211100,1.3
13284,Slowdown in international <visitors/> may be the ' Trump Slump ' experts have predicted,pancakes,22000,0.8
8148, <Watchdog/> group wants federal probe into porn actress payment,villain,22110,1.2
10098,Trump ’s Lawyers Look At Use Of <Pardons/> To Derail Mueller ’s Russia Probe,Necromancer,32211,1.8
5339,Bump Stock Maker Resumes <Sales/> One Month After Las Vegas Mass Shooting,Drinking,21110,1.0
4327,Kim reviews Guam strike plan as Mattis issues stark <warning/> ,GPA,31000,0.8
9049,Donald Trump-themed restaurant opens in Iraqi <Kurdistan/> ,circus,32110,1.4
208,Republican senators realizing legislative <agenda/> is in their own hands,menu,11000,0.4
13912,Country <star/> Glen Campbell dies at 81 - BBC News,pinecone,11000,0.4
11109,Mnuchin : We ca n't have federal government keep <subsidizing/> the states,biting,11000,0.4
14069,"How "" Collective Narcissism "" is Driving <Politics/> ",cars,21000,0.6
14522,"Trump feels "" vindicated "" by <James Comey/> 's testimony , lawyer says",clown,32210,1.6
14617,Here are some of the times Trump complained about a <president/> using Air Force One to campaign,ghoul,20000,0.4
8413,Money pours into a primary fight for anti-abortion Democrat Dan Lipinski 's House <seat/> ,keys,22200,1.2
7429,Police say 39 <people/> detained over neo-Nazi march in Berlin,deer,32200,1.4
10608,Millions of Muslims take part in mass <pilgrimage/> of Arbaeen – in spite of Isis,pie,22100,1.0
2626,"Trump threatens "" Animal Assad , "" Putin over alleged <chemical/> attack in Syria",pillow,33221,2.2
10670,"Someone <changed/> the iconic "" Hollywood "" sign to "" Hollyweed """,corrected,3332110000,1.3
3960,' What are they trying to <hide/> ? ' Trump slams election officials over voter data request,count,22000,0.8
637,Trump 's Phoenix <rally/> attracts thousands of protesters,shower,21000,0.6
7392,"Ronny Jackson , Trump ’s <Veterans/> Affairs nominee , is facing serious allegations",Marital,32210,1.6
3790,Call to remove or <prosecute/> homeless ahead of royal wedding draws wide criticism,eat,32000,1.0
12321,Trump delivers first State of the <Union/> address,president,20000,0.4
614,Emails reveal follow-up after Trump Jr. 's <Russia/> meeting : report,Timeshare,21100,0.8
7063,Trump ’s increasingly confrontational <approach/> to Mueller enabled by congressional GOP timidity,winks,22000,0.8
10727,Bill Maher : “ I <doubt/> that Trump will be president the full term ”,hope,10000,0.2
4246,The Russian government is giving up control of <Kalashnikov/> ,Weather,10000,0.2
4418,China Lavishes Red-Carpet Treatment On Trump As He Arrives For <Talks/> With Xi Jinping,swim,11100,0.6
8720,"Roseanne Barr quits Twitter after offending with <statements/> about former Obama aide Valerie Jarrett , Chelsea Clinton",diet,22000,0.8
4710,Hillary Clinton on election meddling : <Russians/> ' will be back ',robots,11110,0.8
4891,"France bans extremely thin models , a new law bans the use of unhealthily thin <fashion/> models .",fitness,00000,0.0
12472,"Twitter bans RT , <Sputnik/> ads",prostitute,11000,0.4
12229,Denmark ' to deport 70-year-old woman with <dementia/> to Afghanistan ',horseshoes,32000,1.0
2810,North Korea would consider abandoning its nuclear weapons <program/> : report,fantasy,11110,0.8
1038,"Israel blows up Gaza tunnel , <killing/> 8 militants , including an Islamic Jihad commander",inconveniencing,11100,0.6
11588,Trump Organization employees forced to agree not to sue the <company/> ,president,11000,0.4
11833,J.K. Rowling : <God/> Is a Black Woman,President,10000,0.2
3456,Vulnerable Democratic Sen. Heidi Heitkamp 's path to re-election gets tougher with Rep. Kevin Cramer set to enter <race/> ,fight,10000,0.2
8348,"Ample tax cuts for <business/> , wealthy in new GOP tax accord",jugglers,32100,1.2
14977, <Trump/> Replacing Secretary of State Tillerson With CIA Director Mike Pompeo : NPR,Alien,32211,1.8
9296,Trump reluctantly signs $ 1.3 tn spending bill despite <veto/> threat,spousal,11111,1.0
8603,North Korea <video/> portrays U.S. destroyed in missile barrage,stamp,22100,1.0
3236,"Michelle Obama was Jimmy Fallon ’s only <guest/> and , no , they did not mom dance",friend,33220,2.0
1785,Five ways Dems could <fight/> Trump if they win the House,blame,22100,1.0
6784,Fresno Bee <Mocked/> Fears of Radical Islamic Terror in February,flamed,00000,0.0
12991,America needs Sean Spicer on ‘ <Dancing/> With the Stars ’,Reading,22111,1.4
8683,White House official says GOP has <deal/> on tax cuts,bets,21100,0.8
1197,Jill Stein says <Americans/> need to ' see the evidence of Russian culpability ' in election meddling,Idiots,20000,0.4
73,"GOP offers health care trade-off for <states/> : More flexibility , less funding",lies,22100,1.0
6579,"Clinton Wo n't Rule Out Questioning 2016 <Election/> , But Says No Clear Means To Do So",song,10000,0.2
8486,Florida <shooting/> : 17 confirmed dead in ' horrific ' attack on high school – as it happened,hoedown,10000,0.2
12706,This week InfoWars.com was offered White House <Press/> Credentials,custodian,32211,1.8
248,Paul Manafort spokesman responds to <wiretapping/> report,acne,21110,1.0
14560,"Kushner , CIM to Get $ 600 Million JPMorgan Loan for <Brooklyn/> Site",beach,10000,0.2
7024,Mitch McConnell sounds close to <giving/> up on Obamacare repeal,throwing,3332222210,2.0
1048,Trump judicial nominee refuses to express support for <landmark/> desegregation ruling,crayon,21111,1.2
2408,Reality Check : Has Trump kept six key <promises/> six months on ?,prostitutes,33220,2.0
5885,Trump is <taking/> his first steps towards energy deregulation,dancing,20000,0.4
7091,The caravan of migrants that Trump warned ' had better be stopped ' has already begun entering the <US/> ,molehill,20000,0.4
1958,Adolf Hitler 's three-mile-long abandoned Nazi <resort/> is being transformed into a luxury getaway,park,10000,0.2
12060,Iranian <oil/> tanker wreck produces two slicks in East China Sea,gravy,21110,1.0
12158,"| Trump claims Obama ' colluded ' on <Russia/> , without citing evidence",hotdogs,21100,0.8
9178, <American/> CEOs send letter to House : Kill the ' made in America ' tax,lunatic,10000,0.2
12982,Mueller Deflates Trump 's Claim That Russia <Meddling/> Was a Hoax,symphony,11100,0.6
12766,A ' huge clue ' may reveal that Mueller 's endgame is to <nail/> Trump for obstruction,cajole,11000,0.4
1270,Trump reveled in leaks that <hurt/> Hillary Clinton . He now calls administration disclosures ‘ un-American ’ .,straggled,00000,0.0
7970,Trump Picks Federal Reserve <Insider/> Jerome Powell To Be Its Chairman,transsexual,22100,1.0
113,' Black Panther 's ' Wakanda sheds <light/> on black excellence,darkness,21100,0.8
4788,Mexican President Enrique Peña Nieto cancels planned <meeting/> with Trump,Caravan,21000,0.6
591,Conservative Leaders Urge Mitch McConnell to <Resign/> ,dance,33210,1.8
15082,Trump 's <Saudi/> trip : Thumbs up and other ' controversies ',grocery,21110,1.0
13306,John Kerry Getting Presidential Fever Again : ‘ I Might <Challenge/> Trump in 2020 ’,eat,32211,1.8
13977,"Park Geun-hye , South Korean President , Is a No-Show at <Impeachment/> Trial",witch,33211,2.0
7793,Appeasing the <Trigger/> Gods,Rock,32100,1.2
14231,Trump goes easy on slaughterhouse exec who employed hundreds of illegal <workers/> ,rats,11100,0.6
10450,Indian City Removes <Beggars/> For Ivanka Trump,Indians,32110,1.4
13558,Germany Ordering Five New <Warships/> In Face Of Russian Military Aggression,carousels,22200,1.2
3618,Report : Trump 's <lawyer/> hand-delivered Michael Flynn a plan to lift sanctions on Russia,barber,22111,1.4
200,What 's Next On The <Trump/> Agenda ? - NBC News,strawberry,30000,0.6
14003,"' I was very angry ' at Trump , says Myeshia Johnson , widow of fallen <soldier/> ",cake,21110,1.0
8056,Trump says Michael Cohen wo n't <flip/> . Those close to him are n't so sure .,dance,21100,0.8
5829,Disappearances spark fears of crackdown on leftwing dissent in <Pakistan/> ,preschool,32110,1.4
10573,"US politics , Fed speeches and <oil/> on the agenda for Wall Street",spam,20000,0.4
3231,"Joe Biden 's <niece/> pleads guilty to stealing credit card , $ 100k in fraud - no jail time",hamster,32211,1.8
12920,Israel : US-Led <Strikes/> enforce Red Line on syria .,sarcasm,21000,0.6
12312,Trump has mastered the art of <seeming/> like he ’s telling the truth,pretending,21100,0.8
10346,Chelsea Clinton wants Donald Trump to read about <pride/> and poor judgement in Aesop 's Fables,colors,11100,0.6
11059,Trump signs executive <order/> to modernize U.S. government info tech,eyeball,10000,0.2
14763,No more ' monkey business ' ? Trump touts big <jobs/> number as proof of improvement,unemployment,21000,0.6
2558,Mitch McConnell thinks tax <reform/> will take longer than Trump claimed,Return,33200,1.6
12433,Trump China ZTE sanctions reverse after national <security/> worry,clown,22110,1.2
1980,Trump dines with South Korean president at <White/> House,rice,32100,1.2
8390,Small-town America has gotten an economic jolt under <Trump/> ,jellyfish,22110,1.2
7682,"In an apparent first , Iran and Israel <engage/> each other militarily",appreciate,10000,0.2
2583,Forced Transgender Boy Quickly Returns To Normal After Removal From Mother ’s <Care/> ,follicle,20000,0.4
4902,Key quotes from James Comey 's testimony to <Congress/> - BBC News,eggplant,21000,0.6
14818,"Tiffany Trump Lived Her Best Life in 2017 , Despite Being Trump 's Second Favorite <Daughter/> Next to Ivanka",centerfold,33321,2.4
12131,"In the Trump era , Republicans get even dumber on <climate/> change",clothing,32211,1.8
5847,U.K. companies have become attractive targets for outside <takeover/> ,playgrounds,20000,0.4
4724,A side-by-side comparison of Obamacare and the GOP ’s <replacement/> plan - Los Angeles Times,terrible,21110,1.0
2897,Diana Falzone of Fox News Files Discrimination <Lawsuit/> ,game,21000,0.6
12719,‘ Trump Effect ’ Wears Off as <Migrants/> Resume Their Northward Push,Dancers,11000,0.4
6848,"China offers support , help to <Myanmar/> after plane crash",plane,10000,0.2
13654,"Rep. Louise Slaughter , progressive champion of women ’s <rights/> , dies at 88",beef,31100,1.0
3485,Trump is reportedly worried and in ' dark <moods/> ' over scrutiny of his shadowy lawyer Michael Cohen,basement,32111,1.6
4664,Trump reportedly considered <withdrawing/> all US troops from South Korea before the Winter Olympics — but John Kelly stepped in,undressing,32210,1.6
3693,Politico : <Alabama/> Stands by Judge Moore,kidnapper,11100,0.6
720,How <Canada/> ended gerrymandering,manipulation,22000,0.8
2312,The clearest part of Trump 's economic <plan/> is also the most delusional part,disaster,32100,1.2
12394,We 've got a deal : Government shutdown looks set to end as Democrats <surrender/> ,Awaken,31100,1.0
14414,Effect of US military <ban/> on transgender troops remains to seen,acceptance,22000,0.8
7684,More than 140 feared buried as landslide destroys <village/> in southwest China,toys,00000,0.0
12944,"Facing Backlash , VA Reverses Cuts To Program <Helping/> Homeless Vets : Report",entertaining,11110,0.8
6337,APNewsBreak : Attacks in Havana hit US <spy/> network in Cuba,cigar,11100,0.6
13088,Merkel calls for joint <efforts/> with Russia to battle Islamist terrorism,smoking,21100,0.8
2219,Trump Kicks Off G-20 <Summit/> With Rage Tweets Referencing Russian Election Meddling,Sleepover,21100,0.8
7141,Trump announces U.S. military strikes in <Syria/> ,Pants,32100,1.2
6754,Judge says former Trump campaign manager Paul Manafort might <spend/> ' the rest of his life in prison ',enjoy,31100,1.0
9436,Trump ’s Latest <Surprise/> : Shutdown Might Be a Good Idea,Stroke,32110,1.4
2675,This Old Trump Tweet About Bush-Era <Officials/> Has Not Aged Well,magicians,22111,1.4
14637,"Trump <Closes/> His Voter Fraud Panel , but He Is n’t Happy About It",spanks,33322,2.6
726,Border wall could leave some <Americans/> on ' Mexican side ',Guacamole,22110,1.2
6245,South Sudan 's <warring/> parties agree ceasefire in bid to end four-year war,birthday,33100,1.4
11272,Rick Perry ’s <plan/> to kill funding for wind and solar power,scheme,00000,0.0
10830,"Manchester attack : Family <confirm/> death of Scottish schoolgirl Eilidh MacLeod , 14 , in arena blast",embrace,10000,0.2
2257,"Donald Trump , Rand Paul and the myth of a cheap Obamacare <replacement/> ",video,11000,0.4
6294,Trump ’s <mouth/> battles the storm,umbrella,21111,1.2
5177,Ted Nugent Condemns Kathy Griffin But Calls His Obama Comments ‘ <Metaphor/> ’,hilarious,11000,0.4
11568,"Pence Should be ' Subservient to Trump , ' That 's His <Role/> , Former White House Official Says",property,11000,0.4
6767,"Trump <admits/> : ' I did not make , and do not have ' tapes of Comey conversations",hisses,11100,0.6
10620,Dems prepare to face off with Trump 's pick to <lead/> EPA .,kiss,21100,0.8
2620,Pence attempts to clarify Trump 's ' many <sides/> ' comment,moons,31000,0.8
3551,"Treasury sanctions ' Putin 's <chef/> , ' other Russians over cyber-related threats",grandmother,20000,0.4
10843,Clapper : ' No doubt ' <Russia/> was behind meddling - CNN Video,Vegas,21000,0.6
10924,The Justice Department is rescinding critical rules directing the federal government to keep its <hands/> off of states ' legal marijuana,vacuums,00000,0.0
1994,Iraqi forces capture 5 top IS leaders in cross-border <raid/> ,cookout,32111,1.6
13444,Michael Flynn pleads guilty to <lying/> to the FBI on contacts with Russian ambassador,pandering,11100,0.6
561,"Texas <chemical/> plant that exploded amid Harvey flooding had recently been fined over $ 100,000 by OSHA .",oatmeal,21100,0.8
289,Liberals need to stop being apologists for radical <Islamists/> ,skateboarders,32211,1.8
4774,"Welcome to Berlin ’s “ liberal ” mosque — where <burqas/> are banned , and men and women pray together",clothes,32211,1.8
6952,Trump officials <greet/> Ford 's plan to import Chinese cars,love,22000,0.8
9907,"Poll : Zuckerberg would give Trump a <run/> for his money in 2020 , but Bernie Sanders is the front-runner",monkey,22110,1.2
12391,House Republican staff <argue/> for contempt charges against CFPB director,chuckle,31000,0.8
6645,U.S. blocks use of Venezuela 's digital <currency/> : White House,cameras,11000,0.4
9206,UAE says Qatari fighter jets <intercepted/> civilian flight,became,22100,1.0
14794, <Trump/> Said to Pick Nominees for 2 Positions on Fed Board,Dog,11100,0.6
15078,"At Singapore regional <defense/> dialogue , it wo n't be all North Korea",party,10000,0.2
11097,Donald Trump ’s belief that Obamacare is “ <exploding/> ” is false and self-destructive .,reanimating,11110,0.8
3371,Tillerson May Face <Deposition/> About ‘ Wayne Tracker ’ Alias Emails,Deportation,32100,1.2
14725,Laura Ingraham announces <vacation/> amid advertiser boycott,revolution,22100,1.0
4203,EU plans talks as egg <scandal/> hits 17 countries,salad,11111,1.0
11062,"On the campaign trail , Trump was very worried about revealing America ’s <secrets/> ",pimples,32210,1.6
5974,Some global investors see fresh worries in an old problem : <China/> ,fudge,21100,0.8
7810,Trump : Hope <Kim Jong Un/> will do what is right,elves,22110,1.2
11765,Stormy Daniels tells of threats following reports of <affair/> with Trump,golfing,11110,0.8
3148,"To Counter Russia , U.S. Signals Nuclear <Arms/> Are Back in a Big Way",cupcakes,11100,0.6
10527,Trump says Toyota will face tariffs on cars made in <Mexico/> ,garage,21110,1.0
11384,Pence attempts to clarify Trump 's ' many sides ' <comment/> ,pastry,21000,0.6
5477,"UK must cancel Donald Trump ’s <state/> visit as he ’s ‘ nakedly sympathising with neo-Nazis ’ , say activists",bathroom,32111,1.6
7920,Trump expected to <announce/> judicial nominees today,paint,22111,1.4
11994,"Europe ' in battle mood ' over <Trump/> 's threat on steel imports : "" We will react with counter measures within a few days """,grandma,22100,1.0
13223,Rick Perry ’s plan to kill funding for wind and solar <power/> ,games,10000,0.2
9188,Franken to make announcement Thursday as chorus grows for his <resignation/> ,Church,22000,0.8
11485,Latest Updates : Apparent <explosion/> with fatalities at Ariana Grande concert,auto-tune,22100,1.0
2997,"Sessions Appointed Prosecutor Months Ago to <Investigate/> Possible FISA Abuses , Might Appoint 2nd Special Counsel",escalate,21000,0.6
5517,Trump believes that Russia likely <meddled/> in the 2016 election but ' nobody really knows for sure ',voted,00000,0.0
6615,Donald Trump team ' scrutinising staff Twitter accounts before hiring them to check for <criticism/> ',collusion,21000,0.6
1227,How <Trump/> Just Made America Less Safe,voting,32100,1.2
10530,VX : The <Nerve/> Agent Used To Kill Kim Jong Nam Is Rare And Deadly,Sports,22110,1.2
2991,Declassified Susan Rice Email : Obama Contemplated Hiding Russia Intel from Incoming <Trump/> Administration,pumpkin,33200,1.6
301,"Saudi crown prince says Iran 's Ayatollah Khamenei is "" very much like <Hitler/> """,candy,21100,0.8
6935,"Doomsday Clock Ticks 30 Seconds Closer to Global <Annihilation/> Thanks to Trump , Scientists Say",Brunch,22211,1.6
12021,California deputy attorney general charged with possession of <child/> porn,donkey,32210,1.6
10292,The dangerous and irresistible GOP conspiracy theory that explains away Trump ’s Russia <problem/> ,obsession,21100,0.8
3557,"How "" Collective Narcissism "" is Driving <Politics/> ",Egos,11111,1.0
10482,Corker : Trump officials <moving/> to implement delayed Russia sanctions,refusing,10000,0.2
11296,"Entry Ban Could Cause <Doctor/> Shortages in Trump Territory , New Research Finds",immigrant,21000,0.6
6912,President Trump Shares <Poll/> That Shows Democrats Ahead But Claims GOP Is Leading,cartoon,22110,1.2
4700,"Michigan <woman/> held captive , sexually assaulted for 3 days in ‘ house of horrors ’",mannequin,22100,1.0
9985,Group wants to carve Trump 's <face/> into a glacier to prove climate change exists,snout,21000,0.6
8600,"Trump Filed Extension for 2017 <Tax/> Return , White House Says",space,11100,0.6
8845,Tax bill beginning to deliver bigger <paychecks/> to workers,babies,32111,1.6
535,Tillerson to face Chinese ire over blame for <North Korea/> tensions,translation,10000,0.2
8971, <Venezuela/> suspended from Mercosur,Tiger,22000,0.8
1196,Glencore starts cutting <ties/> with Russian oligarch Deripaska,cheese,22100,1.0
5775, <Trump/> on Charlottesville : Racism is evil,pumpkin,32000,1.0
8440,"Italy declared World Healthiest country , according to Bloomberg Global Health <Index/> ",guy,11110,0.8
5485,A linguistic analysis found that Trump <speaks/> at a third-grade level,dances,21110,1.0
14387,Manchester Arena : 19 dead after <explosion/> at Ariana Grande concert / LATEST UPDATES,sneeze,32100,1.2
4336,The math on passing the Republican <tax/> bill keeps getting more complex,bird,21100,0.8
3534,Russian <Trolls/> Would Love the ' Honest Ads Act ',ballerinas,11000,0.4
10130,Spanish police forced out of <hotel/> by protesters,Taxi,10000,0.2
930,"Thousands of students , teachers march on White House to call for better <gun/> control",gum,21000,0.6
9070, <California/> is suing Trump to stop construction of the border wall,Beaner,10000,0.2
10422,US cuts <women/> 's health funding to UN,nobody,10000,0.2
14552,"GOP <senator/> addresses controversial comments on McCain 's brain cancer : ' He 's not impaired in any way , shape , or form '",ferret,10000,0.2
11333,Left-Wing Funder Bankrolls News Sites That Leaked Trump-Duterte Phone <Transcript/> ,Ringtone,22110,1.2
12903,NPR/Ipsos Poll : Half Of Americans Do n't Trust Trump On <North Korea/> ,anything,32211,1.8
3709,California and <President Trump/> are going to war with each other,kale,11000,0.4
3526, <Kamala Harris/> is shut down again,Government,22110,1.2
4912,"Glee <actor/> Mark Salling , 35 , found dead",ball,00000,0.0
9097,Jailed Malaysian Opposition Leader To Be Pardoned After His Party 's <Victory/> ,dance,22100,1.0
3391,Israel <orders/> psychiatric evaluation for detained Australian,cancels,10000,0.2
8531,Fyre Festival Organizers Hit With $ 100 Million <Lawsuit/> ,Bong,32210,1.6
6019,Report : <Investigator/> Says Evidence Showing Deceased DNC Staffer Seth Rich Was Emailing With WikiLeaks - Breitbart,Dog,11100,0.6
2179,Search » U.S. Edition + Russia urged to <ban/> ' Beauty and the Beast ' remake over gay ' propaganda ',embrace,11100,0.6
3228,USAA says it will reinstate <ads/> on ' Hannity ',nudity,32100,1.2
14370,Opinion : Democrats are threatening our democracy by undermining the 2016 election and silencing <conservatives/> ,trolls,32220,1.8
9323,"Chris <Cornell/> , Soundgarden frontman , dies aged 52",Christmas,20000,0.4
13294,TSA <tightens/> electronics screening for domestic flights,protests,10000,0.2
12960,"Try As He Might , Trump Struggles To Spin <Government/> Spending Bill As A Victory",Toupee,32110,1.4
3154,"Danish <inventor/> confesses to dismembering journalist Kim Wall , police say",psychopath,20000,0.4
13070,Trump admits for first time ' I am being investigated ' over <James Comey/> 's firing,umpire,21110,1.0
13271,Two <experts/> decode Trump ’s comments on crime and “ the feds ”,illiterates,22110,1.2
10995,Trump told <advisers/> a government shutdown would benefit him politically,self,31100,1.0
6571,Trump 's General Pershing Remarks Cited in Travel <Ban/> Case Ruling,bag,11000,0.4
307,Here 's who the Trump campaign considers ' the president 's <enemies/> ',barbers,31100,1.0
7532,"Local residents : Moore was known for flirting with , dating teenage <girls/> ",turtles,33311,2.2
8635,Tony Blair says UK should launch military action in <Syria/> because ' non-intervention has consequences ',tub,11000,0.4
11676,Rep. King seeks more surveillance after <Port Authority/> explosion : ' We ca n't afford to be politically correct ',bowel,22100,1.0
11093,Boris Johnson condemned in Libya for ' dead <bodies/> ' remark,jokes,21000,0.6
5716,"Paul Manafort Flew 18 Times To Moscow And Frequently <Reached/> Putin ’s Allies , Records Show",Fondled,33221,2.2
13618,Brexit : Businesses warn over ' UK <workers/> first ' proposal - BBC News,accents,21000,0.6
10912,"Finally , a universal healthcare proposal that would <work/> for everyone",suck,33221,2.2
9976,Mueller ’s team interviewed Rosenstein over the <summer/> ,years,00000,0.0
10968,"UK police arrest 12 at <London/> protest , block clashes",biscuit,32000,1.0
9259,Ex-Trump official Carl Higbie defends racist remarks that led to his <resignation/> ,treasure,10000,0.2
9819,Trump Vows China ' Will Take Down Its <Trade/> Barriers ',Pancake,21100,0.8
9076,"For <Floridians/> With Family In Cuba , Recovery From Irma Is Twice As Taxing",Dolphins,11000,0.4
7335, <Blasphemy/> laws on the books in one-third of nations : study,Cookie,22100,1.0
6317,North Carolina Governor Says He 'll Issue Executive Order For Full LGBTQ <Rights/> ,ninjas,33321,2.4
453,"North Korea crisis becoming unsolvable , experts warn , as Trump heads to <Asia/> ",bathroom,32110,1.4
14364,"Donald Trump slurs speech during Jerusalem announcement , sparking <health/> speculation",drunken,32100,1.2
12490, <Trump/> shows happiness by going quiet,salesman,10000,0.2
12066,Afghan <girl/> roboticists granted US visas - BBC News,dog,22100,1.0
1453,The Latest : WH communications director Michael Dubke <resigns/> ,yodels,22111,1.4
12552,The top US nuclear <commander/> said he would resist an ' illegal ' strike order from Trump,cupcake,21000,0.6
1757,"Sam Harris , Charles Murray , and the allure of <race/> science",cookie,21100,0.8
11287,Keystone XL <pipeline/> will not use U.S. steel despite Trump 's vow,beer,22211,1.6
13648,Al Franken : ‘ I ’m not giving up my <voice/> ’,wallet,11000,0.4
1338,Exxon Mobil fined $ 2 million for violating <sanctions/> against Russia when Rex Tillerson was CEO,witchcraft,22110,1.2
255,Northern Ireland : Ryan McLaughlin replaces George Saville for Central American <tour/> ,model,00000,0.0
12220,"Trump to Visit <London/> This Summer , Despite Protests Promised by Mayor Khan",grandma,22210,1.4
10539,"After Tanker Flips , Chocolate <Bars/> Traffic On Polish Highway",sweetens,2210000000,0.5
3212,The media pokes and prods at Trump ’s <health/> ,belly,11000,0.4
5681,"Sarah Palin on Florida School <Shooting/> : ‘ We Need to Discuss the Failure of the FBI , ’ Not Second Amendment",food,31000,0.8
10600,"' Father of Pac-Man , ' Japanese arcade <pioneer/> Masaya Nakamura dies at 91",guru,10000,0.2
8172,President Trump reportedly hates <Amazon/> ,baths,32211,1.8
9800,Donald Trump set to overturn Obama administration 's <overtime/> pay law,otter,21000,0.6
10234,Search for a Motive in <Las Vegas/> : Slow but ‘ We ’ll Get There ’,Tortoise,33220,2.0
37,Trump <says/> China ’s Xi is “ president for life ” — and maybe America should try it,screams,11100,0.6
12571,The US <bombing/> campaign against “ Taliban heroin labs ” is bad drug war theater,snorting,32210,1.6
7400,Charlottesville covers Confederate monuments with large black <fabric/> ,moon,20000,0.4
7988, <Man/> gets kicked off Delta Air Lines flight for using the restroom before takeoff,Elephant,32100,1.2
12149,Congressional Black Caucus says <meeting/> with Trump was a ' positive first start ',partying,22221,1.8
3664,US suspects Niger <villager/> betrayed Army troops,fink,11000,0.4
3583,Pakistan Prime Minister Nawaz Sharif disqualified from <office/> by Supreme Court over corruption charges,competition,10000,0.2
6566,"Twitter <bans/> RT , Sputnik ads",creates,00000,0.0
13752,"Triple Threat : New <Pneumonia/> Is Drug-Resistant , Deadly And Contagious",dance,22221,1.8
8227,Russian official says ' almost ' near <deal/> with Trump administration for return of diplomatic compounds,war,10000,0.2
867,Spicer : Equating WH <briefings/> to Trump tweets ' silliest thing I 've ever heard ',eyeballs,10000,0.2
10513,Democratic poll : Trump <voters/> do n't want Mueller firing,toupees,32211,1.8
13572,He 'll Take ' Gubernatorial Debate ' For 400 : Trebek <Tries/> Out Moderator 's Chair,sells,22000,0.8
13843,Elon Musk 's vision for underground <road/> system,Airline,21100,0.8
8482,It is becoming increasingly unclear how the US is countering Russian cyber <attacks/> ,bullies,11000,0.4
9284,"Jacinda Ardern is next prime <minister/> of New Zealand , Winston Peters confirms",member,00000,0.0
7763,What is <collusion/> ? Clinton and Trump Russia scandals explained .,potato,21110,1.0
4316,Major evangelical <leader/> says Trump gets a “ mulligan ” on Stormy Daniels affair,dolphin,10000,0.2
8072,"Thousands of students , teachers march on White House to call for better <gun/> control",homework,22211,1.6
5586,Trump Reveals He Asked Comey Whether He Was Under <Investigation/> ,water,11100,0.6
4233,White House : Trump was n’t elected ' to spend his time with reporters and <celebrities/> ',thoughts,22100,1.0
9508,"Roseanne Barr Smacks Down ‘ A ** hole ’ Michelle Wolf : ‘ Comedy Comes From <Love/> , Not Hate ’",bakery,32000,1.0
3491,Trump Jr. : I went to meeting with Russian <lawyer/> because ' I had to listen ',psychic,32210,1.6
10224,Kasich : Trump <tweets/> ‘ unacceptable ’,existence,32100,1.2
4620,California <Republicans/> ask Trump administration to block bullet train funding .,frogs,11100,0.6
10447," <Trump/> Is ' A Scared Child , ' Says Real ' Art Of The Deal ' Writer Tony Schwartz",Baby,22000,0.8
7126,Trump administration moves to tighten squeeze on Venezuelan <government/> ,handshakes,20000,0.4
10593,House chaplain wins <job/> back after scalding letter to Paul Ryan,kettle,22100,1.0
12601,Clapper : ' No doubt ' Russia was behind <meddling/> - CNN Video,gifting,10000,0.2
10076,Facebook says it will <investigate/> how presidential campaigns used its platform during the election,monetize,22111,1.4
3529, <Killing/> Junkies Does n't Work in Asia Either,Tickling,21110,1.0
5519,Police reveal details about beating <death/> of U.S. tourist in Greece,drum,11100,0.6
6395,White House <Backs/> Away From Investigation Into Voter Fraud Claims Trump Made Up,sashays,31100,1.0
8432, <Consumer/> bureau and Trump set to clash in court,Gladiator,32211,1.8
10738,"Trump Is ' A Scared Child , ' Says Real ' Art Of The Deal ' <Writer/> Tony Schwartz",bogeyman,11100,0.6
8567,FBI director contradicts White House 's <Porter/> timeline,barber,00000,0.0
7294,"Yes , <Trump/> offends , but what did we expect ?",criminal,10000,0.2
12338,Chinese <spies/> targeting U.S. maritime industry :,checkers,31110,1.2
1965,EPA chief Scott Pruitt : two top aides depart amid ethics <investigations/> ,definitions,11100,0.6
12237,Trump physical unlikely to shed light on mental <fitness/> ,magic,10000,0.2
424,"In abrupt shift on Syria , Trump turns to military <advisers/> ",golfers,32211,1.8
2992,"By Investing in Science , Trump Can Strengthen the <Economy/> ",terror,21110,1.0
12828,Donald Trump says US nuclear <arsenal/> is ' far stronger and more powerful than ever before ',family,11100,0.6
1550, <Amnesty/> accuses Nigerian troops of raping women rescued from Boko Haram,troop,11000,0.4
831,Deadly <earthquake/> strikes China 's Sichuan province - BBC News,viper,00000,0.0
1489,Protesters Rally for <Refugees/> Detained at JFK Airport After Trump Ban,airplanes,21000,0.6
9397,Juanita Broaddrick slams Chelsea Handler : ‘ I was raped ’ by <Bill Clinton/> ,ghost,33000,1.2
4331,Constitutional collapse : Why we could be on the verge of a democratic <apocalypse/> ,victory,11000,0.4
6634,Sally Field and More Stars Rally to Urge Congress to ‘ Vigorously Oppose ’ <Trump/> ,directors,00000,0.0
9486, <Doctor/> Shortage In Rural Arizona Sparks Another Crisis In ' Forgotten America ',Whiskey,32221,2.0
12171,Mark Meadows on Corker ’s Trump comments : “ It ’s easy to be bold when you ’re not <coming/> back ”,hissing,10000,0.2
12735,Madeleine Albright : Eclipse a reminder ' all <darkness/> is temporary ',sunshine,22100,1.0
7686,CNN <Host/> Reza Aslan Calls Trump ‘ Piece of Sh*t ’ for Correctly Identifying London Terror Attack,Stooge,21000,0.6
14941,Trump : I may release my <taxes/> when I 'm out of office,weight,33110,1.6
14727,"Breitbart <News/> # 45 Most Trafficked U.S. Website , Beats HuffPo , WaPo , FoxNews ; 2 Billion Pageviews in 2016",liars,11000,0.4
11167,Upbeat Trump Returns to Texas to Meet With <Storm/> Victims,tickling,31000,0.8
11566,Revised UK <child/> sexual ' consent ' rules provoke backlash,non,21100,0.8
10132,"U.S. <Adds/> 227,000 Jobs in Jan. , Jobless Rate at 4.8 %",fabricates,21000,0.6
8126,Photo captures the exact moment Obama learned of the <Sandy Hook/> shooting,turkey,11100,0.6
4080,"Vegas <shooter/> visited Middle East , police reveal",gambler,11000,0.4
7907,"When a Holocaust <denier/> chooses to run for Congress , he runs as a Republican",survivor,00000,0.0
15056,Marc Andreessen : If You Wanted the Truth During the 2016 Election ‘ You <Read/> Breitbart ’,question,00000,0.0
8697,"Trump to <Visit/> London This Summer , Despite Protests Promised by Mayor Khan",sterilize,11100,0.6
8338,"US sets new record for censoring , withholding gov ’ t <files/> ",salaries,00000,0.0
5273,US <shipping/> vast amounts of a dirty oil byproduct worldwide,drinking,32100,1.2
14898,"Unlike Trump so far , Tillerson recognizes <Pride/> Month : ' We will continue to support the human rights of LGBTI persons '",Brewery,11000,0.4
14730,Navarro : Do not joke about American <diplomats/> - CNN Video,cheese,22111,1.4
9742, <Autopsies/> of victims show chemical weapons used in Syria attack,attackers,10000,0.2
10681,Fusion GPS Founder 's Senate Judiciary <Testimony/> Released,Audition,21000,0.6
5894,"Collins : Franken <allegations/> ‘ credible , disgusting and appalling ’",autobiography,31000,0.8
2714,"Donald Trump becomes least popular first-year <president/> in modern US history , polls find",pervert,33221,2.2
13114,"Badlands National Park Twitter account goes rogue , starts tweeting scientific <facts/> , gets shut down",inadequacies,11000,0.4
1722,Trump Holds First Conversation with Putin in <Oval Office/> ,bathtub,33111,1.8
9772,Wall Street is sending huge warning signs for <stocks/> ,manatees,22100,1.0
3060,Judge to Rule on Bid to Dismiss Criminal Case Against Missouri <Governor/> ,Watermelon,32110,1.4
7079,White House says Trump unaware of Flynn 's foreign <agent/> work,welding,10000,0.2
5187,Meet the legendary <G-man/> investigating Russia 's meddling,Canine,11000,0.4
11353,Violent protests between Pro and Anti <Trump/> folks in Berkeley,country,30000,0.6
5079,Trump 's <son/> says Syria missile strike shows he is not in league with Putin,twin,32110,1.4
2143,Congress just voted to gut <internet/> privacy — here 's what that means for you,fish,21100,0.8
1559,Opinion : Democrats are threatening our democracy by undermining the 2016 election and silencing <conservatives/> ,cellphones,22210,1.4
7934,"U.S. , South Korea revise trade deal , Korean <steel/> faces quota",steal,11100,0.6
2911,GOP tax <cut/> not why economy is booming,fraud,22210,1.4
13085,"Republicans Plead With Trump To Get On , And Stay On , Message To Pass A <Tax/> Overhaul",midwest,10000,0.2
10481,"Major Referendum Today in Turkey , Decision on Whether or Not To Expand Turkish President Erdogan 's Power and <Role/> ",waistline,32220,1.8
13849,Scaramucci Tweets on Leak That Was n’t Lays Bare White House <Divisions/> ,ants,11000,0.4
12470, <Dotard/> : Kim Jong Un claps back at Trump 's ' Rocket Man ',Karaoke,31111,1.4
12488,"Sara Netanyahu , Wife of Israeli Prime Minister , to <Face/> Fraud Charges",ignore,10000,0.2
5128,Melania Trump 's <sister/> shows rare behind-the-scenes look on social media,parrot,21100,0.8
14476,"Russia Sanctions : Donald Trump is Hostage to <Congress/> And Like Hillary Clinton , Moscow Says",Wife,22210,1.4
3541,"Donald Trump Refuses to Send More <Aid/> to Puerto Rico , Citing Business Interests",Towels,22210,1.4
7138,"Multiple <bomb/> attacks hit Thailand 's deep south , injure three people",choice,21100,0.8
11760,Democratic Rep. Elijah Cummings to meet with President Trump on drug <bill/> ,trip,33221,2.2
4366,"The Maute brothers : Southeast Asia 's Islamist "" <time/> bomb """,photo,32100,1.2
6972," <Donald Trump Jr./> may well have committed a federal crime , experts say",Dolphin,21100,0.8
1664,What if <Sociologists/> Had as Much Influence as Economists ?,donkeys,33332,2.8
13005,GOP Plan Has Trillions in <Tax/> Breaks for the Rich,bone,21110,1.0
9129,US foreign assistance a boon to survivors of <sex/> violence,violin,32000,1.0
14378,DirecTV is offering refunds for NFL Sunday Ticket to fans offended by national anthem <protests/> ,vocals,33100,1.4
604,Trump urged Mexican president to end his public <defiance/> on border wall,striptease,33111,1.8
14301,John McCain was tortured as a POW in Vietnam . Will he help <sink/> CIA nominee implicated in torture program ?,torture,2211110000,0.8
9441,There is still a way to <break/> Trump ’s will,write,21100,0.8
6062,"As It Makes More Arrests , ICE Looks For More <Detention/> Centers",Recreation,21100,0.8
14265,Reporter says Donald Trump used alter ego ' John Barron ' to get onto Forbes 400 <list/> ,failures,21100,0.8
6484,Panel rejects attempt by Democrats to get Trump <travel/> costs,toupee,31111,1.4
14334,' We are going to take back the <country/> we love ' : Hillary Clinton,fries,11111,1.0
12666,Taiwan 's president says her <government/> will step up security measures to respond to military threats from China .,canoe,21100,0.8
4156,Jason Chaffetz and Devin Nunes were both faced with <investigating/> Trump . Now both are stepping aside .,bathing,33321,2.4
4191,Ex-AG Lynch : Clinton tarmac talk was about ' innocuous <things/> ',puppies,32100,1.2
7888,"' Not way off , but off ' : Trump challenges reports he meddled in Russia <inquiry/> ",orgy,32110,1.4
11277,GOP ' chickens ' just do n't get it on <tax/> reform,nugget,33222,2.4
3379,Islamic <state/> claims responsibility for Russia stabbing attack,camel,31110,1.2
1381,US Could <Get/> First Paid Family Leave Benefit Under Trump,flush,11000,0.4
1639,"Three Dead in Fresno Shooting Spree , Suspect in <Custody/> - NBC News !!!!!!!!!!",Paradise,21111,1.2
132,Russian <jets/> fly near Alaska 4 times in 4 days,bats,21000,0.6
14572,Bill Would Bar <Pentagon/> From Business With Russian Cyber Firm Kaspersky,clowns,32110,1.4
12373,"Donald Trump , pseudo-president : Media embraces his latest “ pivot ” like the proverbial <drunks/> under a streetlight",carolers,21100,0.8
1491,Gorsuch casts key vote to spare California immigrant from <deportation/> ,teleportation,11000,0.4
4571,Qualcomm to meet China regulators in <push/> to clear $ 44 billion NXP deal .,disguise,21110,1.0
14850,Treasury agency blindsided by Sessions marijuana <crackdown/> : report,binge,32210,1.6
7631, <Mike Pompeo/> Is the Anti-Tillerson,Book,10000,0.2
15088,Donald Trump is just another Republican when it comes to the <budget/> ,circus,33111,1.8
6347,Liu Xiaobo supporters mark his <death/> amid concerns for widow,height,22200,1.2
3290,Mitt Romney Pens Powerful Message Calling On Trump To <Apologize/> For Charlottesville Remarks,Galvanize,10000,0.2
10275,"Billionaire Babis scores big Czech <election/> win , seeks partners to rule",checkers,21110,1.0
12481,At Least A Dozen <States/> Plan To Sue Over New Census Citizenship Question,Eggs,32000,1.0
1603,Iraq announces ' victory ' over <Islamic State/> in Mosul,schoolboys,22100,1.0
14135,Donald Trump <hosts/> man who called for death of Barack Obama and Hillary Clinton at White House,praises,11000,0.4
4486,Corbyn woos small <businesses/> with plan for crackdown on late payments,porcupines,11110,0.8
6537,Scientists build DNA from scratch to alter <life/> 's blueprint,sneaker,10000,0.2
11941,US ambassador to Netherlands <describes/> own words as ' fake news ',discovers,00000,0.0
13308,"Thanks , Obama ! Trump ’s weekend of crisis begins with bizarre <allegations/> , ends in stunned silence",eating,32221,2.0
8410,Donald Trump : “ I just do n’t want a poor person ” in <leadership/> positions,nearby,22100,1.0
14937,The Politics of <Cowardice/> ,pacifism,21100,0.8
6836,Trump <blasts/> ' out of control ' media dishonesty,supports,11100,0.6
5915,GOP senator to Bannon : <Russia/> ' would love nothing ' more than for US to drop probe,patient,10000,0.2
12900,Did Manafort promise banker White House <job/> in return for home loans ?,leftovers,32221,2.0
7204,Barclays former CEO John Varley and three top bankers to appear in court over <fraud/> charges,murder,00000,0.0
3193,"Jakarta Is <Sinking/> So Fast , It Could End Up Underwater - The New York Times",growing,00000,0.0
9575,GOP Plan Has Trillions in <Tax/> Breaks for the Rich,Coffee,33110,1.6
316,Want to understand Trump ? It 's as simple as ' The Art of the Deal ' for <dummies/> ,criminals,21000,0.6
1882,Michael Goodwin : FBI memo proves the ‘ deep <state/> ’ is real – and the press is part of it,end,21100,0.8
12448,House to vote on sexual harassment overhaul this <week/> ,decade,32100,1.2
8595,Trump ’s obsession with WrestleMania and fake <drama/> ,hair,3322222211,2.0
2112,Trump 's Plot To Destroy <Liberalism/> Will Fail . Here 's Why .,Modesty,31111,1.4
8927,Trump reveled in leaks that <hurt/> Hillary Clinton . He now calls administration disclosures ‘ un-American ’ .,drenched,21110,1.0
964,"Republican Vermont governor vetoes <marijuana/> bill , wants changes made",pie,22110,1.2
11052,"In wake of Milo downfall , video surfaces of Bill Maher defending sex between <adults/> and minors",miners,3331110000,1.2
5322,Stock futures point to sharply lower opening after Wall Street-friendly Cohn <resigns/> ,fights,00000,0.0
7705,"‘ Hello , Bob ’ : <President Trump/> called my cellphone to say that the health-care bill was dead",mime,21100,0.8
1624,More than 140 feared buried as landslide destroys village in <southwest/> China,downtown,00000,0.0
9138,"Parkland father calls out Trump , McConnell , Ryan after Santa Fe <shooting/> ",party,31000,0.8
5483,Women-only <luxury/> retreat opening in Finland,desert,10000,0.2
10104,Steve King Warns Trump : DACA Illegal Aliens Can not Be Legalized ‘ Without Sacrificing the Rule of <Law/> ’,Slaw,22100,1.0
5874,Full Text : Jared Kusher 's prepared <statement/> to Congress,whopper,32111,1.6
8503," <Keystone/> pipeline can be made from non-US steel despite executive order , White House says",milk,20000,0.4
13155,"Warren : After Trump , ‘ I Wonder If America Will Ever Be Ready for a Male <President/> Again ’",model,32100,1.2
1205,Trump is facing the ' first serious ' <crisis/> of his presidency — and no one knows if he 's ready,colonoscopy,33221,2.2
5365,Netflix says it now has 104 million <subscribers/> worldwide - BBC News,socks,11100,0.6
2922,Washington Post ’s David Fahrenthold wins Pulitzer Prize for dogged reporting of Trump ’s <philanthropy/> ,hair,3333332211,2.4
1345,"Congress , <pointing/> fingers amid shutdown stalemate , returns to work",discussing,20000,0.4
4863,China 's Economy to <Overtake/> Euro Zone This Year,perform,00000,0.0
7207,Cambodia 's Hun Sen says he and Trump object to ' anarchic ' <media/> ,spiders,11000,0.4
7853,Sessions asserts possibility of executive <privilege/> protecting his talks with President Trump,oatmeal,21000,0.6
11924, <States/> Mired in Budget Paralysis Defy Eight-Year Recovery,Elephants,10000,0.2
12774,"Sen. Jeff Flake says he will not seek re-election in 2018 , citing nastiness of Trump-era <politics/> ",dinners,32210,1.6
7664,"Lee Jae-yong , Samsung Leader , Is Indicted on <Bribery/> Charges",giggling,32110,1.4
6642, <North Korea/> calls US aircraft carrier dispatch outrageous,Teen,11000,0.4
5849,New York Judge Is Asked to <Toss/> Defamation Suit Against Trump,outsource,31110,1.2
8312,Trump holds joint press conference with Norway 's <prime/> minister — live updates,yogurt,21110,1.0
7186,x Wrestling ’s new villain calls himself ‘ Progressive Liberal . ’ Hillary ’s on his <shirt/> .,nightgown,32100,1.2
3133,"Devin Nunes tried to <discredit/> the FBI . Instead , he proved it ’s onto something .",Sell,22100,1.0
13199,Hurricane Maria : ' we have lost all ' <says/> Dominica prime minister – live,chuckles,00000,0.0
1284,"Trump replaced Tillerson , a realist , with Pompeo , a <hawk/> — and it could set up confrontation with North Korea",foodie,31100,1.0
1516,World 's largest collection of <ocean/> garbage is now twice the size of Texas,political,33200,1.6
9460,Hundreds of thousands attend Brazil 's massive gay <pride/> parade,rainbow,11100,0.6
10154,Senate blocks ' skinny ' Obamacare repeal <bill/> in dramatic late-night vote,meal,21110,1.0
5489,Eight dead in M1 <minibus/> and lorry crash,horse,10000,0.2
8163,Canada 's Trudeau decides not to <poke/> U.S. ' grizzly bear ' for now,kiss,22221,1.8
3720,"Rex Tillerson seems like a smart , competent <guy/> . But he blew it on Russia .",magician,21000,0.6
8521,"Ample <tax/> cuts for business , wealthy in new GOP tax accord",cold,33100,1.4
14130,Jerry Brown vetoes bill to pry loose Trump 's <tax/> returns,hair,22110,1.2
9730,"Fox News host goes on epic 4-minute rant on Trump 's pattern of false statements : ' Mr. President , that 's your <swamp/> '",hair,33310,2.0
2474,US warship fires warning shots at Iranian <boat/> speeding towards USS Tempest in Persian Gulf,origami,32200,1.4
7072,"Eric Trump to Sean Hannity : Democrats "" Are Not Even <People/> """,clothed,22000,0.8
10977,Trump pulls US out of Paris <climate/> change pact,phase,00000,0.0
1180,No wall — for now : Trump reverses course on Mexico border <wall/> to avoid government shutdown,moat,11110,0.8
3092, <Trump/> 's pardon of ex-Sheriff Joe Arpaio was the right ( and courageous ) thing to do,Racist,21000,0.6
9633,American <kids/> are 70 percent more likely to die before adulthood than kids in other rich countries,terrorists,32200,1.4
2065,The White House wants to lead on tax reform — it just needs a tax reform <plan/> first,Clown,32221,2.0
11075,Could microwave missiles <disable/> North Korea 's missiles ?,cook,32100,1.2
10844,"Sessions Appointed Prosecutor Months Ago to Investigate Possible FISA Abuses , Might <Appoint/> 2nd Special Counsel",marry,22110,1.2
11751,Washington Post starting to go back on months of <collusion/> reporting,fashion,11100,0.6
8981,#WomensMarch against Donald Trump around the <world/> ,block,11000,0.4
11429,Comey Firing Not Capturing Americans ’ <Attention/> — Only Journalists ’,prisoners,11000,0.4
3829,Analysis | Could the battle for the GOP ’s <soul/> leave Republicans unelectable ?,Donuts,32100,1.2