,idx,title,created_utc,score,upvote_ratio,humor_scores,normalized_scores
250,250,My 9 year old wanted me to post her joke here!,07-27-2020 04:52:21,14722,0.95,1.0,3.0
251,251,"Dad died 17 years ago, but mom takes on the responsibility",11-10-2016 12:27:10,14689,0.91,0.6,2.981110475100172
252,252,"I told my 3yr old daughter ""I'm tired.""",07-12-2019 08:22:35,14683,0.93,0.6,2.9776760160274756
253,253,"As I put my car in reverse, I thought to myself...",11-08-2020 09:15:13,14684,0.97,0.4,2.978248425872925
254,254,Straw. Straw. Straw. Straw. Straw. Straw. Straw. Straw. Straw. Straw. Straw. Straw. Straw. Straw. Straw. Straw. Straw. Straw. Straw. Straw. Straw. Straw. Straw. Straw. Straw. Straw. Straw. Straw. Straw. Straw. Straw. Straw. Straw. Straw. Straw. Straw. Straw. Straw. Straw. Straw. Straw. That's it.,02-25-2021 23:52:29,14667,0.88,0.6,2.968517458500286
255,255,My friend couldn't afford to pay his water bill,09-07-2020 07:02:54,14672,0.98,1.0,2.971379507727533
256,256,People are usually shocked when they find out I'm not a very good electrician.,05-28-2019 09:13:04,14636,0.97,0.8,2.9507727532913566
257,257,"What do you call a person missing 75%, of their spine?",08-27-2020 00:28:48,14617,0.97,0.8,2.939896966227819
258,258,I just saw a cashier scan the eyes of a rude customer with her barcode reader.,09-10-2019 07:02:46,14618,0.97,0.8,2.9404693760732683
259,259,"On his deathbed, my grandfather said, “Remember these two words. It’ll open a lot of doors for you in life.”",03-23-2019 07:11:34,14569,0.95,0.6,2.9124212936462506
260,260,What is an Air Fryer's favorite food? (Courtesy of my 6 year old),12-26-2020 13:02:43,14540,0.95,1.0,2.89582140812822
261,261,"My birthday is on July 24th, shame I was born in america. If I was born anywhere else....",10-18-2020 04:27:42,14496,0.97,0.6,2.870635374928449
262,262,Picture this: A pandemic is unleashed by ticks that live on and around the mouths of alpacas.,05-01-2020 11:44:34,14482,0.95,1.0,2.862621637092158
263,263,My sewing instructor just told me that I’m the worst student she has ever seen.,01-02-2020 10:23:48,14473,0.93,0.8,2.857469948483114
264,264,"I got an email from Google saying ""At Google Earth, we are able to read maps backwards!"" and I thought;",02-24-2020 13:04:21,14474,0.93,0.6,2.8580423583285635
265,265,"When my wife caught me standing on the bathroom scales, sucking in my stomach, she laughed, “Ha! That’s not going to help!”",04-05-2020 22:36:25,14453,0.96,1.0,2.8460217515741273
266,266,What's made of leather and sounds like a sneeze?,10-29-2020 07:28:17,14457,0.97,0.6,2.8483113909559243
267,267,"I told my daughter, “Go to bed, the cows are sleeping in the field.” Puzzled, she asked, “What’s that got to do with anything?” I chuckled, ""Well, that means...""",03-26-2021 06:09:08,14434,0.97,0.8,2.8351459645105894
268,268,We all know that Albert Einstein was a genius...,11-28-2020 17:27:29,14386,0.95,0.8,2.8076702919290213
269,269,"After I was arrested, my ex-wife decided to hang a picture of my mugshot on the wall in her living room.",08-02-2020 01:26:20,14357,0.97,0.8,2.79107040641099
270,270,If you rearrange the letters of MAILMEN,10-22-2020 20:56:41,14363,0.96,0.6,2.7945048654836864
271,271,"For me, the urge to sing “The Lion Sleeps Tonight” is always just a whim away...",09-20-2019 00:31:19,14342,0.91,1.0,2.78248425872925
272,272,"If a father in Iraq gifts his daughter a new bag, what will she say?",09-23-2020 14:16:55,14309,0.9,1.0,2.763594733829422
273,273,"A vegan said to me, “People who sell meat are disgusting!”",11-04-2018 00:13:32,14315,0.92,1.2,2.767029192902118
274,274,Lance is an uncommon name nowdays,01-05-2021 12:29:47,14311,0.97,0.6,2.7647395535203207
275,275,eBay is so useless,09-30-2020 05:51:14,14297,0.96,0.6,2.75672581568403
276,276,So the doctor sat me down and gently revealed to me me that my child is a boy trapped in a girls body...,07-22-2020 11:08:38,14246,0.93,0.6,2.7275329135661135
277,277,I’m so bored that I just memorized six pages of the dictionary.,08-26-2020 00:09:08,14216,0.97,0.8,2.710360618202633
278,278,I finally got my dream job at the guillotine factory,06-16-2020 11:11:26,14219,0.97,0.8,2.712077847738981
279,279,My son Luke loves that we named him after a Star Wars character.,08-01-2020 00:12:47,14214,0.95,0.8,2.7092157985117344
280,280,Stopped by a roadside stand that said lobster tails $2. I paid my $2 and he said...,04-22-2019 10:41:34,14203,0.94,1.2,2.7029192902117916
281,281,"I was watching Star Wars with my daughter. She asked why Luke was climbing inside a Tauntaun, I said to keep warm.",12-12-2019 08:32:49,14209,0.94,1.0,2.706353749284488
282,282,"For the 10th year in a row, my coworkers voted me ""the most secretive guy"" in the office.",03-06-2020 07:11:32,14200,0.97,1.2,2.7012020606754437
283,283,I ordered a chicken and an egg from Amazon. I’ll let you know,08-14-2018 06:19:38,14179,0.92,1.2,2.6891814539210075
284,284,"I said to my wife, ""I need to call the doctor today.""",02-03-2019 06:48:16,14171,0.96,0.6,2.6846021751574125
285,285,"The genie asked, ""What’s your first wish?"" Steve replied, ""I wish I was rich!"" The genie nodded and said, ""What’s your second wish?""",10-01-2018 06:06:13,14170,0.94,0.8,2.6840297653119634
286,286,"My daughter came into my ""home office"" (closet) and said, ""You wanna hear a joke?"" I told her that I did",08-08-2020 06:28:26,14179,0.97,1.2,2.6891814539210075
287,287,How much did it cost HYDRA to kill Tony Stark’s parents?,07-03-2020 08:15:36,14174,0.95,0.8,2.686319404693761
288,288,Iamonthemoonandthereisnoplacetogetabeer.,11-03-2020 11:14:09,14158,0.8,0.6,2.6771608471665713
289,289,Why did the wizard’s wife have hickeys on her neck?,10-28-2020 15:26:56,14146,0.97,1.4,2.6702919290211793
290,290,Justice is a dish best served cold,07-08-2020 00:25:01,14131,0.97,1.0,2.661705781339439
291,291,Why shouldn't you kiss anyone on January 1st?,09-30-2020 21:02:42,14099,0.96,1.4,2.6433886662850603
292,292,"The owner of the tuxedo store kept hovering over me when I was browsing, so I asked him to leave me alone.",08-13-2020 21:50:17,14023,0.98,1.0,2.59988551803091
293,293,Customer: Do you have any copies of that book for men with small penises?,07-29-2020 19:08:58,13978,0.92,1.4,2.57412707498569
294,294,British people be like: I'm bri ish,04-17-2020 08:07:03,13964,0.87,1.0,2.566113337149399
295,295,My 8 year old pulled this on me,03-27-2019 12:53:09,13958,0.92,0.8,2.562678878076703
296,296,A man is staying in a hotel.,03-24-2020 18:22:57,13941,0.97,0.6,2.5529479107040642
297,297,Chinese take out: 8 dollars. Tip: 2 dollars. Getting home to find out they forgot part of your order...,12-15-2020 18:08:50,13922,0.94,1.0,2.542072123640527
298,298,This sub is disappointing me lately.,06-19-2016 08:27:59,13948,0.85,1.0,2.5569547796222096
299,299,"My teacher likes to start every day by reading a joke from Reddit. She was sick the other day, so",03-12-2021 10:33:37,13921,0.96,1.0,2.541499713795077
300,300,Cop: I’m arresting you for illegally downloading the entire Wikipedia.,11-20-2019 06:24:39,13894,0.95,1.2,2.5260446479679453
301,301,My wife left me cause Im too insecure,06-01-2020 01:15:56,13879,0.92,1.2,2.517458500286205
302,302,"The internet connection in my farm is really sketchy, so I moved the modem to the barn.",08-09-2020 06:37:02,13876,0.97,0.6,2.515741270749857
303,303,"The secret service isn't allowed to yell ""Get down!"" anymore when the president is about to be attacked.",12-07-2019 18:54:58,13872,0.9,1.0,2.5134516313680595
304,304,To call the whole Elon Musk controversy “Elon-Gate” seems like a bit of a stretch,09-09-2018 06:01:08,13870,0.96,0.6,2.5123068116771607
305,305,Today I launched a book aimed at 9-12 year olds.,06-02-2020 16:40:38,13851,0.95,0.6,2.5014310246136233
306,306,I told my son I was named after Thomas Jefferson…,04-29-2017 08:44:33,13848,0.92,0.6,2.4997137950772754
307,307,"My wife asked me whether I experimented with sex and drugs when I was in high school, and I said Yes.",01-17-2020 00:16:19,13842,0.96,1.2,2.496279336004579
308,308,"Without a doubt, my favourite Robin Williams movie is Mrs Fire.",04-18-2019 21:21:41,13821,0.95,0.6,2.484258729250143
309,309,"As a lumberjack, I know that I’ve cut exactly 2,417 trees.",08-25-2018 10:34:45,13815,0.94,0.8,2.480824270177447
310,310,What noise does a 747 make when it bounces?,01-15-2018 10:23:04,13807,0.9,0.8,2.4762449914138522
311,311,My wife accused me of hating her family and relatives...,06-15-2018 06:52:21,13799,0.92,0.6,2.4716657126502577
312,312,"My 8yr old daughter got me with ""I can breathe under water""",05-13-2020 19:09:46,13797,0.94,1.0,2.470520892959359
313,313,"A drunk wakes up in jail, ""Why am I here officer?""",12-08-2020 17:17:25,13776,0.98,0.8,2.458500286204923
314,314,What do you say to your sister when she's crying?,12-30-2018 10:04:55,13781,0.92,0.6,2.4613623354321694
315,315,Breaking a leg during an audition ensures that you end up in the cast.,11-10-2018 09:11:27,13770,0.96,1.2,2.4550658271322265
316,316,It's easy to convince ladies not to eat Tide Pods,02-11-2020 07:40:18,13751,0.91,1.4,2.444190040068689
317,317,"My wife asked me ""Is having a penis fun?""",08-29-2020 20:00:48,13747,0.93,1.6,2.4419004006868916
318,318,"Every time I go to the liquor store, a dude comes out of nowhere to give me advice on what to buy.",10-03-2020 07:42:41,13749,0.97,1.4,2.4430452203777904
319,319,I married my wife for her looks,11-04-2020 09:25:37,13741,0.96,1.0,2.438465941614196
320,320,"One impeachment is bad, but two impeachments",01-13-2021 17:15:43,13730,0.94,0.6,2.432169433314253
321,321,"Someone: ""If you need 144 rolls of toilet paper for a 14 day quarantine you probably should've been seeing a doctor long before COVID-19""",03-15-2020 20:17:41,13717,0.94,1.0,2.4247281053234118
322,322,My friend in Germany says that there has been panic buying of sausages and cheese . . .,03-17-2020 20:02:41,13712,0.95,1.2,2.4218660560961647
323,323,"A man came up to me and said ""Man, your clothes look gay"".",03-10-2019 09:32:01,13709,0.94,1.2,2.420148826559817
324,324,I was drinking my milkshake on a cliff and thought,01-30-2019 12:47:06,13705,0.92,0.8,2.4178591871780193
325,325,I just had a near sex experience.,08-29-2018 07:04:56,13702,0.92,0.8,2.4161419576416714
326,326,"I just saw my wife trip and fall, while carrying a laundry basket full of ironed clothes.",07-02-2019 19:16:54,13676,0.96,0.8,2.4012593016599886
327,327,My son told me he didn't understand cloning.,05-18-2019 06:24:28,13665,0.96,1.0,2.3949627933600457
328,328,What did Master Yoda say when he first saw himself in 4k resolution?,11-29-2019 04:53:24,13642,0.98,0.6,2.381797366914711
329,329,What did 2n+1 say to 2n?,09-09-2020 18:40:38,13635,0.96,0.6,2.3777904979965654
330,330,"What word starts with ""e"", ends with ""e"", and only has one letter in it?",12-02-2018 03:01:39,13639,0.92,0.4,2.380080137378363
331,331,Why don't the Jedi take off their shirts to greet each other?,12-16-2020 13:58:54,13606,0.95,1.2,2.3611906124785347
332,332,"Waiter: I see you glass is empty, would you like another one?",09-08-2020 21:29:55,13582,0.96,1.2,2.3474527761877506
333,333,"My wife rang me at the pub and said, “If you’re not home in 10 minutes, I’m giving the dinner I cooked you to the dog.” I was home in 5 minutes.",09-06-2020 07:27:37,13571,0.96,1.0,2.3411562678878077
334,334,"If A is for Apple and B is for Banana, then what is C for?",02-03-2020 19:57:47,13567,0.95,1.0,2.3388666285060102
335,335,"I made a playlist for hiking. It has music from Peanuts, The Cranberries, and Eminem.",07-29-2019 18:01:11,13543,0.94,1.0,2.325128792215226
336,336,The mayor in my city just passed law that male best friends have to have lunch together at least once a week,11-20-2020 14:41:30,13527,0.98,1.6,2.3159702346880366
337,337,Sex in an elevator is wrong.,01-07-2021 11:51:28,13529,0.88,1.2,2.3171150543789354
338,338,How come the Hulk doesn’t lose his pants when he transforms?,05-22-2020 19:53:26,13499,0.97,1.6,2.299942759015455
339,339,"Imagine being held at gunpoint by (bear with me) a literate animal, and the only hope of rescue is (BEAR WITH ME) posting a coded message on social media.",04-25-2020 09:05:26,13484,0.84,1.0,2.291356611333715
340,340,"If Snoop Dogg dies before pot becomes legal in the US, he will be rolling in his grave.",09-13-2019 11:22:49,13472,0.94,1.4,2.2844876931883227
341,341,My 77 year old dad said this last night,12-10-2018 10:53:41,13470,0.94,0.4,2.2833428734974244
342,342,A slice of apple pie is $2.50 in Jamaica and $3.00 in the Bahamas.,02-01-2018 12:09:39,13464,0.94,1.0,2.279908414424728
343,343,If I had 50 cents for every maths Exam I failed,11-29-2020 07:51:08,13456,0.95,1.0,2.275329135661133
344,344,"I hate it when my wife says ""Are you listening to me?!""",06-14-2020 17:49:03,13450,0.96,1.0,2.2718946765884374
345,345,Burnt my hawaiian pizza today...,10-06-2020 15:55:21,13445,0.96,1.2,2.2690326273611907
346,346,I told my wife we could still have a threesome during this Coronavirus pandemic.,03-31-2020 15:51:11,13439,0.93,1.6,2.2655981682884945
347,347,Grandpa died because we couldn’t figure out his blood type.,04-17-2020 23:42:25,13435,0.92,0.8,2.263308528906697
348,348,How do you make a water bed more bouncy?,06-22-2020 20:35:18,13415,0.98,1.0,2.2518603319977104
349,349,Why won't swords go obsolete?,11-18-2020 09:00:32,13415,0.96,0.8,2.2518603319977104
350,350,"The internet connection at my farm is really sketchy, so I moved the modem to the barn.",02-05-2019 07:17:33,13417,0.96,0.6,2.253005151688609
351,351,A new strain of head lice is going around which is resistant to conventional treatments.,08-30-2020 22:07:56,13391,0.98,0.8,2.2381224957069263
352,352,"My 10 year old came in with a piece of paper and said “Dad, I’ve got a joke for you.”",02-11-2019 19:48:50,13372,0.96,1.0,2.2272467086433885
353,353,"A blonde goes into a church and asks the minister, ""How much does it cost to rent a church singing group?""He said,""Do you mean a choir?""",12-04-2020 21:03:32,13372,0.96,1.2,2.2272467086433885
354,354,"Theresa May is stepping down on June 7th. As a result, the last week of May is the first week of June.",05-24-2019 15:19:14,13360,0.94,0.8,2.2203777904979964
355,355,"Justice is a dish best served cold, if it were served warm it would be justwater",06-18-2018 13:55:04,13352,0.95,1.0,2.215798511734402
356,356,What’s the difference between Taxes and Texas?,03-02-2021 20:03:04,13349,0.92,0.6,2.214081282198054
357,357,Two women were sharing the same ID card,09-12-2020 17:33:50,13325,0.95,0.6,2.2003434459072695
358,358,"When I reach home, my 1.5 y.o. son rushes out to the gate to sit in my lap while I park the car. Then he just grabs the steering and starts shaking it with brrrmmm brrrmmm sound. His cute antics always make me forget that he's suffering from a rare disease.",03-12-2018 10:56:16,13310,0.9,1.0,2.1917572982255296
359,359,What did the green grape say to the purple grape?,10-07-2020 08:35:12,13293,0.96,0.8,2.182026330852891
360,360,"Two drunk guys were about to get into a brawl. One of the guys grabs a stick and draws a line in the dirt and says ""If you cross this line, I'll hit you in the face"".",09-22-2020 03:20:12,13293,0.97,1.0,2.182026330852891
361,361,What did the ghost say to the beehive?,10-26-2020 04:28:17,13272,0.95,0.6,2.1700057240984547
362,362,What did the sushi say to the bee?,08-27-2020 12:55:52,13260,0.97,1.2,2.1631368059530622
363,363,What do you call a hen who counts her eggs?,07-11-2019 13:45:37,13258,0.94,1.2,2.1619919862621635
364,364,I was gonna tell a time traveling joke.,08-05-2020 11:48:36,13251,0.96,0.8,2.157985117344018
365,365,I dated a communist once. I had no idea. She seemed sweet. But it did NOT end well,10-24-2019 05:07:36,13243,0.94,0.8,2.1534058385804236
366,366,"Which is faster, hot or cold?",12-10-2020 20:11:17,13235,0.97,0.6,2.148826559816829
367,367,Why are locksmiths allowed to remain open during lockdown?,10-19-2020 06:53:00,13223,0.97,0.8,2.1419576416714365
368,368,"From my 5-year-old son: ""Hey""",05-10-2021 07:58:31,13217,0.97,1.0,2.1385231825987407
369,369,A ham sandwich walks into a bar and orders a beer,10-08-2020 13:49:10,13219,0.96,1.4,2.1396680022896395
370,370,Having sex on a regular basis helps keep memory alive!,12-31-2020 22:27:36,13206,0.93,1.4,2.132226674298798
371,371,"A woman suddenly in labor shouts, shouldn’t! wouldn’t! couldn’t! didn’t! can’t! The doctor says ""don't worry.""",09-16-2020 03:39:39,13206,0.95,0.8,2.132226674298798
372,372,No one in Antarctica has COVID-19,03-24-2020 02:25:40,13209,0.95,0.6,2.1339439038351458
373,373,An actual conversation between my wife and my son yesterday.,03-28-2021 11:12:26,13202,0.93,0.8,2.1299370349170004
374,374,"My wife tried to unlatch our daughter's car seat with one hand and said, ""How do one armed mothers do it?""",08-16-2018 00:21:34,13200,0.94,0.8,2.128792215226102
375,375,I've been torturing my daughter with jokes for weeks now,10-14-2016 12:47:00,13189,0.94,1.2,2.122495706926159
376,376,Jack: How’s it going? Beans: Pretty good,09-10-2020 09:18:20,13183,0.97,1.2,2.119061247853463
377,377,"My daughter screeched, ""Daaaaaad, you haven't listened to one word I've said, have you!?""",08-17-2019 09:09:18,13166,0.91,0.6,2.1093302804808243
378,378,"my friend just told me, 'I hope you die in a deep hole filled with water'.",07-26-2020 17:10:49,13123,0.95,0.6,2.084716657126503
379,379,"“Officer, are you crying while you are writing me a ticket?”",11-03-2019 10:32:47,13117,0.97,0.8,2.0812821980538065
380,380,My friend just got a PhD on the history of palindromes. Now we call him Dr Awkward.,10-18-2019 04:05:32,13125,0.89,0.8,2.085861476817401
381,381,What’s the Fastest Growing City on Earth?,09-03-2019 07:47:41,13110,0.96,0.8,2.077275329135661
382,382,Why did the Mexican take a Xanax?,04-17-2019 17:10:23,13103,0.93,0.8,2.0732684602175158
383,383,Got my girlfriend with this earlier,01-26-2018 19:26:28,13077,0.92,0.8,2.058385804235833
384,384,"I’d tell you a Fibonacci joke, but’s it’s probably as bad as the last two you’ve heard combined",11-23-2018 11:42:12,13065,0.93,0.8,2.051516886090441
385,385,Where did Noah put all the bee’s in his Ark?,09-09-2020 08:20:19,13067,0.98,1.0,2.052661705781339
386,386,"My 10 year old daughter just told me this one. ""What did the green grape say to the purple grape?""",05-15-2019 23:07:45,13060,0.96,0.8,2.048654836863194
387,387,Why was 69 afraid of 70?,06-05-2020 10:22:40,13050,0.95,0.8,2.0429307384087005
388,388,Justice is a dish best served cold,09-20-2020 22:16:09,13050,0.96,1.0,2.0429307384087005
389,389,I had a vasectomy because I didn't want any kids.,02-27-2021 08:26:57,13042,0.96,1.2,2.038351459645106
390,390,"A bear goes to the bar and says ""can I get one whiskey..................and one coke""",05-03-2020 13:48:11,13048,0.94,1.2,2.041785918717802
391,391,I can always tell when someone is lying just by looking at them.,10-14-2020 11:20:21,13035,0.98,0.4,2.0343445907269606
392,392,I'm pretty bad at building fences..,04-08-2020 09:10:03,13020,0.96,0.8,2.0257584430452202
393,393,"I told my son people keep accidentally pleading for me to purchase meat for them. He asked, “By mistake?”",02-26-2019 05:33:59,13024,0.92,1.0,2.0280480824270177
394,394,"My friend Ty came first in the Beijing marathon, but wasn’t awarded a gold medal.",05-19-2020 17:56:15,13012,0.95,1.0,2.0211791642816257
395,395,Stepdaughter pun that I never thought I'd hear.,10-04-2017 09:35:46,13016,0.89,0.8,2.023468803663423
396,396,A weird German kid just gave me a gold coin,12-24-2020 19:43:02,13003,0.95,0.8,2.0160274756725816
397,397,What did the Reddit user say after detonating a bomb in a bank?,01-12-2020 21:49:46,12989,0.89,0.8,2.008013737836291
398,398,"So I was out at the museum with my daughter today and got the ultimate dad joke in. Employee asks kids ""Does anyone know the difference between a Crocodile and an Alligator?""",02-11-2019 10:28:14,12988,0.95,1.2,2.0074413279908416
399,399,"If you spell the words “Absolutely Nothing” backwards, you get “Gnihton Yletulosba,” which ironically means...",02-15-2021 00:36:56,12954,0.94,0.6,1.9879793932455638
400,400,"My wife is fed up of my constant Dad jokes, so I asked her, ""How can I stop my addiction?""",03-30-2020 02:58:36,12952,0.99,1.2,1.986834573554665
401,401,"When my wife found me playing with my son’s train set, I was so embarrassed that I threw a bedsheet over it.",01-17-2021 07:23:57,12937,0.97,1.0,1.978248425872925
402,402,My left knee has never committed a crime.,08-16-2020 13:55:24,12927,0.97,1.0,1.9725243274184316
403,403,I love telling dad jokes.,04-13-2019 03:25:11,12929,0.93,1.2,1.9736691471093304
404,404,"My friend claims the he accidentally glued himself to his autobiography, but I don’t believe him.",01-11-2021 10:37:29,12912,0.96,0.6,1.9639381797366915
405,405,Why can’t two elephants swim at the same time?,12-20-2020 10:01:47,12906,0.98,1.4,1.9605037206639955
406,406,I bought my friend an Elephant for her room...,06-08-2020 13:12:10,12891,0.96,1.4,1.9519175729822553
407,407,My boss just told me that I’m the worst mailman he has ever seen.,12-14-2020 08:19:49,12863,0.96,0.8,1.9358900973096738
408,408,"I was in bed with a blind girl last night and she whispered in my ear ""You have the biggest penis I've ever laid my hands on"".",03-20-2021 11:35:33,12864,0.88,1.4,1.9364625071551231
409,409,"Remember when air was free at the gas station, now it’s $1.50. You know why?",07-21-2020 20:33:30,12855,0.97,0.8,1.931310818546079
410,410,My son asked me what I'm posting on Reddit.,09-04-2016 09:28:48,12846,0.89,0.8,1.9261591299370349
411,411,Why is Dark spelled with a ‘K’ and not a ‘C’?,04-21-2021 20:11:56,12841,0.92,0.8,1.9232970807097882
412,412,"In Ancient Rome, there were 4 types of poison.",10-14-2020 01:06:54,12833,0.96,0.8,1.9187178019461935
413,413,"I just saw my wife walk by with her sexiest underwear on, which can only mean one thing.",05-20-2019 04:16:03,12804,0.95,1.4,1.9021179164281625
414,414,"So my daughter is clearing the table and holds her cup above her head and says ""Dad look...""",04-03-2020 19:32:51,12806,0.98,0.8,1.9032627361190613
415,415,My 6 year old just told me this joke... What's stronger than a fortune cookie?,12-21-2020 12:20:26,12803,0.93,1.0,1.9015455065827132
416,416,"When my wife told me to stop impersonating a flamingo,",09-29-2020 03:57:06,12802,0.95,1.4,1.9009730967372638
417,417,I decided to quit my job as a personal trainer because I’m not big enough or strong enough,06-13-2020 05:53:18,12789,0.98,0.8,1.8935317687464224
418,418,Why do the Hong Kong police wake up early?,10-23-2019 11:09:48,12787,0.93,1.0,1.8923869490555238
419,419,They said gloves and a mask would be enough to go to the supermarket..,03-23-2020 06:11:40,12776,0.94,1.0,1.886090440755581
420,420,I'm worried that the supreme court will lack empathy now that Ginsburg is gone.,10-29-2020 20:46:26,12770,0.94,0.8,1.882655981682885
421,421,Why is “beefstew” an unsafe password to use?,11-07-2020 05:26:51,12763,0.96,1.0,1.8786491127647396
422,422,Her: I’m leaving. I am sick of you wearing a different t shirt every half an hour.,01-23-2021 07:08:14,12763,0.97,1.6,1.8786491127647396
423,423,"My wife emailed me our wedding photos, but I couldn’t open any of the files.",08-16-2020 03:13:43,12767,0.97,0.8,1.8809387521465368
424,424,My brother had to quit his job as a weightlifter because he wasn't strong enough.,11-13-2020 02:30:38,12754,0.97,1.0,1.8734974241556954
425,425,Does anyone know if doctors could take some of my butt flesh and graft it onto someone who isn't a relative?,07-15-2020 19:59:14,12756,0.97,1.2,1.8746422438465942
426,426,What do you call an orphan taking a selfie?,10-25-2020 01:11:00,12733,0.95,1.2,1.8614768174012593
427,427,A cheese factory exploded in France.,10-24-2020 08:53:42,12706,0.96,1.0,1.846021751574127
428,428,My wife told me to take a spider out instead of killing it.,09-24-2019 12:50:10,12703,0.87,1.2,1.844304522037779
429,429,"Which weighs more, a gallon of water, or a gallon of butane?",03-20-2020 03:58:49,12697,0.97,0.6,1.840870062965083
430,430,I couldn't believe I got to use this,10-04-2018 12:40:14,12662,0.94,0.4,1.820835718374356
431,431,"A man walks into a bar with a slab of asphalt under his arm and says, “A beer please, ...""",09-15-2020 11:41:19,12654,0.97,1.2,1.8162564396107612
432,432,How do you make a water bed more bouncy?,04-08-2019 08:43:46,12647,0.96,1.0,1.8122495706926158
433,433,Bilbo Baggins suddenly wakes up and hears someone singing “Don’t stop Believing”.,10-18-2020 17:07:40,12643,0.96,1.0,1.8099599313108186
434,434,I've been torturing my daughter with jokes for years now,07-30-2018 08:48:13,12629,0.97,1.2,1.8019461934745278
435,435,What do you call a calculator that works instantly?,10-31-2020 21:28:29,12613,0.96,0.8,1.7927876359473383
436,436,I have a pencil that used to belong to William Shakespeare. He chewed it a lot.,12-10-2020 03:57:53,12618,0.95,1.0,1.795649685174585
437,437,My girlfriend asked if we could have an old movie night and watch “Gaslight”,09-14-2020 07:47:43,12604,0.96,1.2,1.7876359473382941
438,438,We need to uninstall 2020 and then try reinstalling it,03-23-2020 14:47:50,12601,0.96,0.6,1.7859187178019462
439,439,I HATE HOW FUNERALS ARE ALWAYS AT 9AM,02-10-2021 09:53:06,12585,0.97,0.8,1.7767601602747567
440,440,"6 was scared of 7 because 7,8,9 but why did 7 eat 9?",02-13-2020 09:23:14,12590,0.91,0.8,1.7796222095020033
441,441,What’s the difference between bird flu and swine flu?,10-25-2020 15:13:05,12555,0.96,0.8,1.7595878649112764
442,442,This girl on Tinder asked me why I have an unlit cigarette in my picture... I told her I’m just looking for matches.,07-13-2019 08:35:32,12551,0.97,1.0,1.7572982255294791
443,443,I’ve asked so many people what LGBTQ stands for,05-10-2020 03:16:25,12544,0.91,0.8,1.7532913566113337
444,444,My friend was bragging that his new 3D printer can print a gun.,04-23-2021 11:15:47,12550,0.97,0.8,1.7567258156840297
445,445,My math teacher called me average...,10-04-2020 11:08:48,12540,0.96,0.8,1.7510017172295365
446,446,Why is the letter B so cool?,06-19-2019 22:26:38,12545,0.95,0.6,1.753863766456783
447,447,My wife accused me of hating her family and relatives,02-13-2021 02:19:47,12533,0.97,0.6,1.7469948483113908
448,448,What do you call a depressed man with a robotic arm?,11-09-2020 19:17:13,12532,0.98,1.0,1.7464224384659417
449,449,"I have to tell someone about this because I'm at home alone with my 2 year old and 11 month old, and they're to young to understand my best dad joke ever.",05-18-2020 09:18:42,12514,0.98,1.0,1.7361190612478534
450,450,"In an alternate universe, Hercules was a girl.",10-31-2020 09:37:21,12507,0.97,0.6,1.732112192329708
451,451,"While at a restaurant, the waitress was totally flirting with me with my wife present. After she walked away, my wife said “She obviously has COVID!” “Why would you think that?” I asked.",01-13-2021 06:49:56,12506,0.94,1.0,1.7315397824842587
452,452,SCUBA is an acronym for Self Contained Underwater Breathing Apparatus. What you may not know is that Tuba is also an acronym...,04-11-2020 19:39:50,12499,0.96,0.8,1.7275329135661133
453,453,I’ve been saying “mucho” to my Spanish friend a lot more often lately,05-26-2020 07:43:23,12498,0.97,1.0,1.726960503720664
454,454,What did the pirate say on his 80th birthday?,06-26-2018 05:36:06,12461,0.92,0.8,1.7057813394390384
455,455,"If you commit 90 sins, you will get caught about half the time.",02-25-2020 06:21:53,12455,0.92,1.0,1.7023468803663424
456,456,"I hear it's easy to get ladies not to eat Tide pods. It's more difficult to deter gents, though.",01-21-2018 13:13:25,12426,0.89,1.2,1.6857469948483115
457,457,"My wife said that this subreddit was full of stupid, unfunny puns...",02-18-2019 20:09:11,12427,0.85,0.8,1.6863194046937606
458,458,"Jeff, a semi colon, and an Oxford comma walk into a bar.",12-09-2020 07:37:13,12412,0.96,1.2,1.6777332570120207
459,459,What's a thousand times better than Instagram?,01-10-2020 12:36:23,12402,0.95,0.8,1.6720091585575272
460,460,"A man in an interrogation room says, “I’m not saying a word without my lawyer present!"" The cop growls, ""You ARE the lawyer!""",06-09-2019 06:56:01,12356,0.94,0.8,1.6456783056668576
461,461,When people think of calculators they think the buttons are the most important thing,04-23-2020 05:58:03,12359,0.97,0.8,1.6473955352032055
462,462,"I hate those people who knock on your door and tell you you need to get ""saved"" or you'll ""burn""..",05-18-2018 06:10:23,12351,0.93,0.8,1.6428162564396107
463,463,"Justice is a dish best served cold, if it were served warm jt would be justwater.",06-26-2019 07:17:32,12332,0.93,0.8,1.6319404693760733
464,464,I've got this awful disease where I can't stop telling airport jokes.,08-21-2019 11:48:27,12318,0.96,1.0,1.6239267315397825
465,465,I just read that someone in London gets stabbed every 52 seconds.,12-18-2020 10:05:16,12311,0.97,0.8,1.6199198626216371
466,466,"I gave my daughter a watch for her birthday. She thought it was so cool and when she showed it to the next door neighbor, he asked, ""That's a pretty watch you've got there! Does it tell you the time?""",08-22-2019 05:30:26,12305,0.96,0.8,1.616485403548941
467,467,What do you call a fear of giants?,10-06-2020 04:09:52,12301,0.97,1.0,1.6141957641671436
468,468,Why Is Dark Spelled With A K and Not A C,07-26-2019 16:13:35,12294,0.89,0.8,1.6101888952489982
469,469,The first computer dates back to Adam and Eve.,12-16-2018 12:28:55,12284,0.92,0.6,1.604464796794505
470,470,Seems a little inappropriate having a strip club across the road from Mini golf in town. I’m a pretty liberal guy but if I’m having a day out with my family the last thing I want to look across the road and see is a bunch of losers playing mini golf.,05-07-2019 15:48:52,12289,0.91,1.2,1.6073268460217516
471,471,"Ever since the pandemic started, every morning I proudly announce to my family that I’m going for a jog and then I don’t...",05-27-2020 06:23:06,12289,0.98,1.2,1.6073268460217516
472,472,My wife told me to stop acting like a flamingo.,08-25-2020 10:58:33,12275,0.97,1.2,1.5993131081854608
473,473,"If pronouncing all my ""V""s like ""B""s, makes me sound Russian...",09-13-2020 19:41:49,12267,0.91,0.8,1.594733829421866
474,474,What do you call the thing which ruins the ending of a movie?,01-13-2019 09:42:44,12253,0.94,0.6,1.5867200915855753
475,475,"My dad banned me from saying ""Hell"", so I asked: ""Have you thought of any alternative names for hell?""",09-18-2018 10:52:17,12232,0.88,1.0,1.574699484831139
476,476,"Three boys go into a haunted house. One brought a knife, one brought a gun and one brought some cough drops",08-04-2020 22:37:45,12238,0.95,1.2,1.578133943903835
477,477,What did the pirate say when he turned 80?,10-21-2020 21:15:07,12237,0.95,0.8,1.5775615340583857
478,478,What do you call an instagram celeb who got Corona?,03-02-2020 05:57:52,12234,0.94,1.2,1.5758443045220378
479,479,"My wife tells me I have 2 major faults,",11-28-2020 01:03:26,12217,0.97,0.8,1.566113337149399
480,480,Chris: Hey can I borrow a ten?,06-15-2019 15:38:35,12213,0.96,1.2,1.5638236977676017
481,481,My son asked if I could tell him what a solar eclipse is,05-03-2020 03:46:06,12202,0.95,0.8,1.5575271894676588
482,482,"Mahatma Ghandi, as you know, walked barefoot most of the time, which produced an incredible set of callouses on his feet. He also ate very little, which made him rather frail. Plus, with his odd diet, he suffered from bad breath.",07-08-2019 10:24:06,12192,0.88,1.0,1.5518030910131655
483,483,Why couldn't the green pepper practice archery?,08-31-2020 12:36:49,12186,0.94,1.0,1.5483686319404695
484,484,I have a friend with no social skills and a Ph.D in the history of palindromes.,11-20-2020 02:46:38,12191,0.97,0.8,1.5512306811677161
485,485,If I had a nickel every time I was confused,03-26-2020 23:35:21,12190,0.95,0.8,1.5506582713222667
486,486,"When I was younger, I felt like a man trapped in a woman's body ...",05-21-2019 17:59:40,12181,0.93,0.8,1.5455065827132226
487,487,"A Kung Fu student asks his teacher, ""Master, why does my ability not improve? I'm always defeated."" And the master, pensive and forever patient, answers, ""My dear pupil, have you seen the gulls flying by the setting sun and their wings seeming like flames?""",01-10-2021 06:39:36,12176,0.94,1.0,1.542644533485976
488,488,What do you get when you eat 3.14 cakes?,06-18-2020 11:17:23,12179,0.92,1.0,1.544361763022324
489,489,We have a strict hierarchy policy for PPE usage at my office...,07-13-2020 09:02:22,12176,0.97,1.0,1.542644533485976
490,490,"My deaf girlfriend just told me, “We need to talk.”",03-10-2021 06:50:45,12171,0.97,1.0,1.5397824842587293
491,491,What is the least spoken language in the world?,09-20-2017 11:16:56,12165,0.96,0.6,1.5363480251860333
492,492,Today I learnt that humans eat more bananas than monkeys,04-13-2020 09:49:20,12165,0.97,1.2,1.5363480251860333
493,493,"My son asks me, ""What does gay mean?""",04-25-2019 18:49:14,12168,0.91,1.2,1.5380652547223812
494,494,Doctor: Your brain seems to have deleted all information about 80s music!,06-19-2018 08:51:40,12163,0.94,1.2,1.5352032054951346
495,495,I told my parents I was bisexual,04-11-2021 16:27:10,12160,0.83,1.4,1.5334859759587864
496,496,What is Yoda’s last name?,06-28-2019 18:08:06,12158,0.93,0.6,1.532341156267888
497,497,Why is Pavlov's hair so soft?,07-18-2020 21:35:22,12137,0.97,1.4,1.5203205495134515
498,498,"My wife to our son, ""Go brush your teeth with your sister""",10-20-2019 10:45:32,12122,0.96,1.4,1.5117344018317116
499,499,Dad jokes are the best and here's why,07-27-2019 07:43:36,12111,0.95,1.0,1.5054378935317687
500,500,"What starts with T, ends with T, and is full of T?",09-27-2020 09:45:50,12102,0.89,0.8,1.5002862049227246
501,501,"My missus asked Siri. ""Surely it's not going to rain today?""",10-03-2019 19:34:14,12101,0.93,0.6,1.4997137950772754
502,502,My wife told me I was terrible with directions,03-08-2019 09:33:43,12083,0.96,0.8,1.4894104178591872
503,503,"My daughter, 8, asked me what happens to frogs who illegally park their cars.",10-23-2018 18:11:29,12083,0.94,1.2,1.4894104178591872
504,504,Why do some people post long jokes here?,01-24-2019 13:53:01,12067,0.96,1.0,1.4802518603319976
505,505,Shout out to the people asking what the opposite of in is.,11-06-2019 17:39:29,12047,0.92,0.8,1.4688036634230108
506,506,"When you're in California, make sure your mechanic uses a state flag to check your oil.",08-26-2019 09:09:33,12040,0.91,1.0,1.4647967945048654
507,507,"So proud of my 6 year old. While teaching her to hit a softball, I told her to “square up on the ball”",06-23-2020 08:01:38,12038,0.97,1.0,1.4636519748139667
508,508,"(Warning: Morbid dad joke) True Story -- My family were planning my mum's funeral. We always try to keep things light and try to stay positive, just as Mum would have it...",05-12-2021 02:36:40,12037,0.96,0.6,1.4630795649685175
509,509,English puns make me feel numb,03-14-2020 08:05:36,12028,0.96,0.8,1.4579278763594734
510,510,Did you know there’s no official training for a garbage collector?,08-06-2019 08:12:38,12019,0.97,1.0,1.4527761877504293
511,511,What is the least spoken language in the world?,09-26-2018 06:51:43,12014,0.94,0.6,1.4499141385231826
512,512,"My wife asked me, “Why don’t you treat me like you did when we were first dating!?”",07-02-2020 07:01:12,12000,0.97,1.0,1.4419004006868918
513,513,"A lumberjack went in to a magic forest to cut a tree. Upon arrival, he started to swing at the tree, when it shouted, “Wait! I’m a talking tree!""",06-09-2018 06:28:27,11997,0.94,1.0,1.4401831711505437
514,514,I angered two people today by calling them hipsters...,01-19-2019 04:14:29,11997,0.95,1.4,1.4401831711505437
515,515,[NSFW] What do you get if you mix human dna and whale dna?,02-04-2021 00:51:29,11987,0.95,1.2,1.4344590726960504
516,516,"If you become seriously depressed, try drinking a gallon of water just before you go to bed.",01-28-2021 13:48:08,11978,0.97,1.2,1.4293073840870063
517,517,The first photograph of a black hole was released,04-10-2019 13:02:43,11964,0.95,0.6,1.4212936462507155
518,518,Why did The Joker have to sleep with his lights on?,07-28-2020 18:50:43,11969,0.94,1.4,1.4241556954779622
519,519,I hate telling people I'm a taxidermist.,03-10-2020 09:31:52,11965,0.97,1.0,1.421866056096165
520,520,I think my wife is secretly putting glue on my antique weapon collection.,03-09-2019 01:22:40,11949,0.96,0.8,1.4127074985689754
521,521,"As we were driving down the road, ""Sweet Caroline"" came on the radio. I said to my son, ""Little known fact, Neil Diamond used to be called Neil Coal.""",02-28-2019 05:23:44,11933,0.94,0.6,1.4035489410417858
522,522,A teenage boy is getting ready to take his girlfriend to the prom...,04-25-2018 09:26:12,11942,0.89,1.2,1.40870062965083
523,523,My father’s name is Lee. My name is Riley.,02-07-2019 19:36:40,11914,0.92,0.6,1.3926731539782484
524,524,"""Dad, how do you cast spells?""",02-09-2020 05:36:50,11904,0.97,0.8,1.386949055523755
525,525,"My friend said, “You have a BA, Masters and a Ph.D., but you still act like an idiot.”",04-22-2018 07:52:14,11893,0.92,0.8,1.3806525472238123
526,526,I used to get heartburn whenever I ate birthday cake...,05-24-2020 06:43:07,11890,0.93,1.2,1.3789353176874641
527,527,How come no one at the kings table laughed when he farted?,01-09-2020 22:05:07,11879,0.96,1.2,1.3726388093875215
528,528,What do we want? Low flying airplane noises,11-21-2018 13:51:48,11871,0.91,0.8,1.3680595306239267
529,529,"Last Thursday my son was moping around and I told him, if you think Thursdays are sad, just wait two more days. He asked why?",07-28-2020 06:03:57,11856,0.97,0.8,1.3594733829421866
530,530,The person who invented autocorrect should burn in hello.,09-30-2019 16:37:05,11864,0.93,1.0,1.3640526617057813
531,531,My wife left me because I'm insecure.,01-09-2021 19:02:45,11854,0.94,1.0,1.3583285632512878
532,532,I have been reading some history on the French revolution and found out what happened to Louis XVI's head,07-27-2020 16:42:13,11862,0.96,0.6,1.3629078420148826
533,533,"My boss said, “I find it highly suspicious that you are only sick on weekdays.”",09-28-2020 11:54:27,11863,0.98,1.2,1.363480251860332
534,534,I met some chess players in the hotel lobby. They were bragging about how good they are.,03-29-2018 06:51:17,11843,0.92,0.8,1.3520320549513452
535,535,My wife said to me: ''Why don't you treat me like you did when we were first dating?'',03-04-2020 16:22:51,11823,0.93,1.0,1.3405838580423584
536,536,How does a train eat?,10-28-2020 05:37:59,11823,0.95,1.0,1.3405838580423584
537,537,What do you call a line of men waiting to get haircuts?,11-24-2020 07:36:32,11823,0.98,1.6,1.3405838580423584
538,538,what do you call a communist sniper,07-24-2020 15:56:21,11817,0.97,0.6,1.3371493989696623
539,539,[NSFW] How do you find a blind man at a nude beach?,01-16-2020 07:38:49,11797,0.93,1.4,1.3257012020606755
540,540,Looks like October is...,11-01-2017 06:42:43,11790,0.89,0.6,1.3216943331425302
541,541,My 11yo daughter just made up a joke. What do politicians thing of themselves?,03-04-2020 04:57:03,11777,0.89,0.8,1.3142530051516885
542,542,"4 men were sitting in a boat about to smoke a cigarette, when they realized they didn't have a cigarette lighter.",09-26-2020 06:43:25,11774,0.95,0.8,1.3125357756153406
543,543,How much does Santa pay to park his sleigh?,12-22-2020 22:04:58,11772,0.97,1.4,1.3113909559244419
544,544,I bought a new pair of gloves today...,06-06-2020 01:36:07,11770,0.95,1.0,1.3102461362335431
545,545,My girlfriend is turning 32 soon...,01-05-2019 18:23:37,11762,0.78,1.0,1.3056668574699486
546,546,"""Hey dad, what does gay mean?"" The boy asked his dad",12-01-2018 09:41:43,11754,0.91,1.0,1.3010875787063538
547,547,Where do mansplainers get their water?,10-11-2020 05:21:42,11747,0.93,1.0,1.2970807097882084
548,548,From my 7yr old daughter: Why was the pig covered in ink?,02-06-2021 09:25:49,11744,0.97,1.0,1.2953634802518603
549,549,My girlfriend got mad at me for being lazy,07-21-2020 10:04:26,11737,0.94,1.2,1.291356611333715
550,550,I don’t usually tell dad jokes.,07-23-2020 17:02:24,11731,0.92,1.0,1.287922152261019
551,551,"In a recent poll, 80% of people in America said they would not open their homes to a sentient water basin that walked up to their door and asked for shelter.",11-06-2018 08:39:28,11713,0.92,1.0,1.2776187750429306
552,552,Bill and Melinda Gates got divorced. Melinda got the house...,05-05-2021 08:29:17,11696,0.93,0.8,1.267887807670292
553,553,Why can pirates never finish the alphabet?,10-12-2020 11:54:08,11685,0.97,1.0,1.261591299370349
554,554,I told my wife I'll never vaccinate our kids,03-20-2019 13:28:19,11678,0.86,1.4,1.2575844304522037
555,555,My wife: You need to do more chores around the house.,12-01-2020 07:59:59,11683,0.98,1.2,1.2604464796794506
556,556,"My wife asked me ""what starts with f and ends with k""",04-27-2019 19:11:12,11674,0.95,0.8,1.2552947910704064
557,557,There's a fine line between a numerator and a denominator,04-01-2020 07:51:06,11654,0.96,0.6,1.2438465941614196
558,558,What kind of a prize do you give someone who hasn't moved a muscle in a year?,06-04-2020 22:03:16,11655,0.97,1.0,1.244419004006869
559,559,The deaf girl didn’t show up to her court case yesterday,07-18-2020 07:30:32,11646,0.97,1.0,1.2392673153978249
560,560,"A rope walks into a bar. The bartender looks up and says says, “Get out. We don’t serve rope in here.” So the rope goes out, cuts itself in two before tying the two sections together. It then pulls out a comb and combs its ends. The rope then walks back into the bar.",05-26-2020 21:34:15,11628,0.92,1.0,1.2289639381797366
561,561,"A wife asks her husband, ""Could you please go shopping for me and buy one carton of milk and if they have avocados, get 6.",08-01-2019 20:04:45,11603,0.86,1.4,1.2146536920435032
562,562,What’s the 9 letters of the pirate alphabet? (CORNY ALERT),05-03-2019 20:52:44,11597,0.9,0.8,1.2112192329708071
563,563,Got my first tattoo today,02-13-2019 21:11:34,11596,0.94,1.2,1.2106468231253578
564,564,How much do dumplings weigh?,05-29-2020 21:48:24,11594,0.97,1.2,1.209502003434459
565,565,My girlfriend started lying to me because of all my bad jokes.,10-28-2018 09:45:57,11588,0.91,1.0,1.206067544361763
566,566,I accidentally sprayed deodorant in my mouth,01-01-2021 11:59:01,11584,0.97,1.2,1.2037779049799657
567,567,"My husband: ""Look at this mind-blowing machine I found in the bathroom!""",07-05-2019 17:50:27,11584,0.97,1.2,1.2037779049799657
568,568,How do you get a farm girl to like you?,02-26-2021 14:10:10,11573,0.98,1.0,1.1974813966800228
569,569,"Went to GameStop to use the bathroom, but it was out of order...",01-29-2021 20:53:25,11578,0.96,1.2,1.2003434459072697
570,570,"If you have ever get locked out of your house, talk to your lock calmly",01-12-2021 03:02:47,11572,0.96,0.8,1.1969089868345735
571,571,How do you get a Redditor to open a post?,06-01-2019 17:32:23,11568,0.9,1.0,1.1946193474527762
572,572,Is this sub still active?,12-31-2018 06:00:00,11544,0.93,0.6,1.180881511161992
573,573,Semi NSFW! I was sitting on the toilet while my wife was in the bathtub next to me...,01-04-2021 01:16:05,11526,0.95,1.0,1.1705781339439039
574,574,"If Dwayne Johnson had downstairs neighbors, they would be clueless about just about everything.",10-31-2020 00:23:18,11521,0.98,1.0,1.1677160847166572
575,575,I hear coronavirus porn is trending.,03-09-2020 20:20:25,11527,0.86,1.0,1.1711505437893532
576,576,I think it’s weird that we call childbirth delivery.,09-15-2019 08:09:20,11519,0.97,1.0,1.1665712650257585
577,577,I was wondering why Music was coming from my printer..,04-02-2020 07:31:36,11513,0.98,0.8,1.1631368059530625
578,578,"We were eating dinner tonight, when my daughter said to me, “I see your glass is empty. Would you like another one?”",10-16-2017 06:41:32,11511,0.93,1.0,1.1619919862621637
579,579,"My son asked: “Dad, have you seen my sunglasses?”",08-17-2020 04:04:55,11517,0.97,1.2,1.1654264453348597
580,580,Is my wife dissatisfied with my body?,09-29-2020 13:58:29,11516,0.98,1.2,1.1648540354894104
581,581,"Right after being born, my newborn daughter wouldn't ""latch"" for her first feeding. So after 27-plus hours of labor and four hours of pushing, I looked at my poor, exhausted wife and said, ""Looks like she's... resisting abreast.""",01-09-2019 13:51:13,11507,0.95,1.0,1.1597023468803664
582,582,The wedding was so touching that,11-01-2020 08:49:55,11504,0.96,0.6,1.1579851173440183
583,583,I get depressed if I don’t play video games.,05-13-2020 07:05:18,11504,0.96,1.0,1.1579851173440183
584,584,"My wife said ""nothing rhymes with orange""",08-16-2018 19:49:50,11495,0.9,1.0,1.1528334287349742
585,585,John Travolta tested negative for coronavirus last night,03-15-2020 09:48:00,11497,0.92,1.2,1.153978248425873
586,586,"A horse walks into a bar. The bartender says ""You are in here a lot, do you think you have a drinking problem?""",09-04-2020 23:25:09,11493,0.92,1.2,1.1516886090440757
587,587,No more Suez Canal jokes!,03-29-2021 13:36:43,11482,0.94,1.2,1.1453921007441328
588,588,What’s the difference between Dubai and Abu Dhabi,12-19-2019 07:59:41,11478,0.94,0.6,1.1431024613623355
589,589,Who led the Jewish people across a semi permeable membrane?,11-02-2019 08:23:54,11471,0.96,0.8,1.1390955924441901
590,590,r/coronavirus is officially the fastest-growing community on Reddit,03-19-2020 18:11:33,11455,0.91,0.8,1.1299370349170006
591,591,The first computer dates back to Adam and Eve.,12-17-2020 21:36:14,11456,0.94,0.6,1.13050944476245
592,592,My son asked me what an updog was.,03-19-2019 22:15:31,11449,0.96,1.2,1.1265025758443046
593,593,I don’t get any of these dad jokes in this community!!!!,04-26-2020 09:20:05,11445,0.94,1.2,1.124212936462507
594,594,"To all the members of this subreddit, an open letter:",01-14-2021 08:11:23,11432,0.96,0.6,1.1167716084716657
595,595,"My buddy went bald years ago, but still carries around an old comb with him.",01-07-2019 09:14:54,11422,0.95,1.0,1.1110475100171724
596,596,To the person who stole my spectacles. I will find you.,09-17-2020 04:59:27,11407,0.98,0.8,1.1024613623354322
597,597,I once debated a flat earther. He got so mad he stormed off saying he would walk to the edge of the earth to prove me wrong.,02-11-2021 17:20:51,11394,0.95,0.8,1.0950200343445908
598,598,Who was the Greek god of cleavage?,08-14-2020 21:24:01,11394,0.95,1.2,1.0950200343445908
599,599,"If number 666 is evil,then 25.8069758011 is the root of all evil.",04-03-2018 13:50:23,11393,0.9,0.4,1.0944476244991415
600,600,Cop: I’m arresting you for illegally downloading the entire Wikipedia!,04-26-2019 06:30:21,11384,0.97,1.2,1.0892959358900973
601,601,"Seven has ""even"" in it.",02-14-2020 12:45:27,11366,0.95,0.8,1.078992558672009
602,602,How does two German car enthusiast cowboys greet each other?,07-12-2020 07:48:58,11361,0.94,1.2,1.0761305094447624
603,603,Bill Gates meets Arnold Schwarzenneger at a party and asks him if he's upgraded to Windows 10 yet? Big Arnie replies.......,03-22-2021 06:32:13,11355,0.96,0.8,1.0726960503720664
604,604,"As a new language, Braille is not that difficult to learn.",04-23-2020 22:55:35,11352,0.96,0.6,1.0709788208357183
605,605,My drunk friend was kicked out of Karaoke for singing “Danger Zone” 7 times in a row.,05-27-2018 13:52:11,11357,0.92,1.2,1.0738408700629651
606,606,My wife and I just found out she's pregnant with our first child.,02-29-2020 22:51:01,11323,0.93,1.2,1.0543789353176876
607,607,"I became a father today, but no dad jokes are coming to me. I’m pretty bummed.",06-24-2020 17:19:13,11320,0.93,1.2,1.0526617057813394
608,608,It FINALLY happened.,04-20-2021 02:02:15,11308,0.98,0.4,1.0457927876359474
609,609,I used to be the triangle player in a Jamaican band but I had to quit....,11-12-2020 14:34:42,11307,0.97,0.8,1.045220377790498
610,610,David Hasselhoff walked into a bar and ordered a drink.,08-01-2020 10:03:50,11297,0.98,1.2,1.0394962793360045
611,611,I went to the shooting range for the first time and couldn’t get my gun to fire.,04-28-2019 08:44:24,11290,0.96,0.4,1.0354894104178591
612,612,Today I learned that if you're in a canoe and it flips over in water...,02-23-2021 05:59:56,11287,0.95,0.8,1.0337721808815112
613,613,You ever heard the Stormtrooper band?,12-06-2020 22:28:43,11287,0.96,0.8,1.0337721808815112
614,614,"My wife said, “Why don’t you write a book instead of your stupid word play jokes?”",07-26-2020 06:57:56,11286,0.98,1.0,1.0331997710360619
615,615,A platypus walks into a bar owned by a duck.,11-06-2020 19:07:17,11286,0.95,1.2,1.0331997710360619
616,616,A woman goes to her boyfriend's parents' house for dinner. This is her first time meeting the family and she is very nervous. *long* (NSFW),05-11-2021 00:55:38,11270,0.93,0.8,1.0240412135088723
617,617,Broke ny finger today,12-06-2020 05:57:46,11272,0.94,1.2,1.025186033199771
618,618,The urge to sing “The Lion Sleeps Tonight” is always just a whim away...,04-15-2021 19:30:02,11269,0.9,1.0,1.023468803663423
619,619,What happens if the average number of bullies at a school goes up?,09-07-2018 14:54:01,11267,0.95,0.8,1.0223239839725242
620,620,My brother and I laugh at how competitive we were as kids.,05-12-2020 15:52:02,11264,0.97,0.8,1.0206067544361763
621,621,"I don’t want to sound racist, but...",12-22-2018 10:57:14,11263,0.94,0.6,1.020034344590727
622,622,"One night, a Viking called Rudolph the red was looking out of his window when he suddenly said ""It's going to rain"". His wife asked ""how do you know?""",12-08-2018 09:40:31,11257,0.89,1.0,1.016599885518031
623,623,My friend is obsessed with taking blurry pictures of himself while taking a shower.,02-07-2019 07:04:08,11252,0.94,1.4,1.0137378362907843
624,624,My mailman got a sex change.,09-19-2018 07:38:03,11242,0.91,1.6,1.0080137378362908
625,625,"The school phoned me today and said, ""Your son's has been telling lies. """,02-01-2021 12:26:00,11246,0.97,0.6,1.010303377218088
626,626,Apparently nobody knows why Notre Dame caught fire....,04-15-2019 19:22:32,11233,0.92,0.6,1.0028620492272466
627,627,What do you call a paper airplane that can't fly?,12-28-2020 18:58:37,11225,0.98,0.8,0.998282770463652
628,628,"Got my sisters whole family with my dumb owl joke, with a bonus follow up groaner",01-04-2021 22:58:13,11211,0.98,1.2,0.9902690326273612
629,629,My 3 year old's first joke,06-02-2020 02:53:15,11210,0.97,1.2,0.9896966227819118
630,630,"I gave my daughter a watch for her birthday. She thought it was so cool and when she showed it to the next door neighbor, he asked, ""That's a pretty watch you've got there! Does it tell you the time?""",03-19-2021 07:18:10,11198,0.97,0.8,0.9828277046365197
631,631,"If you’ve heard of Murphy’s law, which is that anything that can go wrong will go wrong, then have you heard of Cole’s law?",06-27-2019 00:53:43,11194,0.92,0.6,0.9805380652547224
632,632,I've decided to marry a pencil.,06-28-2020 08:56:08,11186,0.96,1.2,0.9759587864911277
633,633,Where do crayons go for vacation?,02-10-2019 09:56:25,11183,0.94,1.2,0.9742415569547797
634,634,My wife is threatening to leave me because I’m addicted to wearing a new T-shirt every half an hour.,04-24-2019 06:27:43,11172,0.94,1.4,0.9679450486548369
635,635,If a plant is sad.Do other plants photosympathise with it?,11-07-2019 08:10:10,11171,0.96,0.8,0.9673726388093875
636,636,"A friend of mine went bald years ago, but still carries around an old comb.",11-18-2020 21:10:46,11159,0.98,0.8,0.9605037206639955
637,637,What does a clock do when it’s hungry?,06-28-2020 22:15:19,11163,0.96,0.8,0.9627933600457927
638,638,"When I caught my neighbor attaching a rocket engine to a deer, I immediately reported him to the authorities.",03-29-2020 08:56:25,11158,0.97,1.0,0.9599313108185461
639,639,I’m reading a horror book in Braille.,05-31-2020 10:18:21,11149,0.97,0.6,0.954779622209502
640,640,Many French guillotine victims had their heads,12-11-2019 08:29:11,11139,0.94,0.8,0.9490555237550086
641,641,"My son asked, ""Dad, every time I talk to girls, I get butterflies in my stomach! What should I do?!"" I gently put my arm around him and replied, ""That's easy son...""",08-03-2020 06:09:09,11132,0.94,1.0,0.9450486548368632
642,642,My daughter really changed a lot after becoming a vegan.,05-18-2020 02:21:35,11131,0.96,1.0,0.9444762449914138
643,643,"As I put my car in reverse, I thought to myself...",01-03-2021 06:28:41,11114,0.96,0.4,0.934745277618775
644,644,I'm so proud. My 12-year old told this joke during dinner: What degree does Dr. Pepper have?,04-30-2021 10:21:18,11106,0.97,1.2,0.9301659988551803
645,645,What do you call something that explodes at -273.15 degrees Celsius?,11-27-2019 18:19:53,11114,0.9,0.6,0.934745277618775
646,646,The Fast and The Furious 10 title should be dedicated to Paul Walker,03-18-2019 10:09:58,11102,0.91,0.6,0.927876359473383
647,647,My deaf girlfriend was talking in her sleep last night.,09-17-2019 12:23:24,11104,0.98,1.0,0.9290211791642816
648,648,"People always ask where I got my incredibly detailed tattoo done, but they never believe me when I tell them Spain.",05-15-2019 06:29:06,11091,0.9,0.8,0.9215798511734402
649,649,Why should you be worried if you see cows smoking marijuana?,05-07-2020 20:07:42,11082,0.96,1.6,0.9164281625643961
650,650,"I just had an half hour argument with my 5 year old about the importance of wearing pants in public, and she won.",12-21-2018 06:54:10,11074,0.95,1.6,0.9118488838008014
651,651,What is blue and doesn't weigh much?,12-20-2019 09:09:10,11071,0.95,0.8,0.9101316542644533
652,652,I often worry about German sausages,08-23-2020 06:12:16,11071,0.97,1.2,0.9101316542644533
653,653,"I won the ""Most Secretive Guy"" award in our office today.",07-25-2020 17:27:58,11065,0.97,1.2,0.9066971951917573
654,654,My wife gave me an ultimatum. It was either her or my addiction to sweets.,01-31-2021 09:51:25,11054,0.97,1.0,0.9004006868918145
655,655,Some woman came up to me today and said she knew me from a vegan group,07-11-2020 02:31:18,11050,0.97,1.2,0.8981110475100171
656,656,Some people aren't shaking hands because of the Coronavirus.,03-09-2020 05:38:22,11040,0.96,1.2,0.8923869490555237
657,657,Went to the store to get eight cans of sprite...,02-19-2020 09:19:57,11037,0.97,1.2,0.8906697195191757
658,658,My stoner friend used my daily agenda notebook to roll up a joint.,03-30-2018 06:57:41,11038,0.94,1.2,0.8912421293646251
659,659,"A sheep, a drum, and a snake fall off a cliff...",05-08-2020 10:24:03,11031,0.94,0.8,0.8872352604464797
660,660,"What starts with an E and ends with an E, but often only has one letter?",12-31-2017 07:27:13,11026,0.93,0.4,0.884373211219233
661,661,"Do you remember when you were a kid and whenever you cried, your parents would say, “I’ll give you a reason to cry!?""",02-18-2018 06:33:09,11013,0.73,0.8,0.8769318832283916
662,662,My wife just accused me of having zero empathy.,10-12-2019 22:21:42,11014,0.97,1.0,0.8775042930738409
663,663,My dad literally just said this to me.,05-27-2021 13:33:55,11005,0.96,0.6,0.8723526044647968
664,664,I was addicted to soap once.,05-06-2020 23:54:47,11001,0.97,1.0,0.8700629650829994
665,665,nothing tops a plain pizza,05-02-2019 09:01:14,10993,0.96,1.0,0.8654836863194046
666,666,"Boss: ""How good are you at PowerPoint?"" - Me: ""I Excel at it."" - Boss: ""Was that a Microsoft Office pun?""",11-12-2019 11:27:22,10990,0.87,0.8,0.8637664567830566
667,667,Instead of a swear jar I have a negativity jar. Everytime I have a pessimistic thought I put a dollar in it.,03-03-2021 07:50:50,10966,0.99,0.8,0.8500286204922725
668,668,My sister bet me $15 that i couldn't build a car out of spaghetti.,05-09-2019 12:32:51,10959,0.92,1.6,0.8460217515741271
669,669,"My wife said, ""You act like a detective too much, I want to split up.""",05-30-2020 21:24:47,10937,0.96,1.0,0.8334287349742415
670,670,What do you call a magician who loses his magic?,03-11-2021 19:43:11,10931,0.97,0.8,0.8299942759015455
671,671,I’m trying to convince my wife that I want a Segway for my birthday.,07-31-2019 09:46:31,10932,0.96,1.4,0.8305666857469949
672,672,I gave up my seat to a blind person on the bus.,04-05-2021 05:52:15,10925,0.97,0.6,0.8265598168288495
673,673,Doctor to patient do you smoke?,12-04-2020 00:14:40,10936,0.88,1.0,0.8328563251287923
674,674,Atheism is a non-prophet organization.,11-12-2018 15:09:26,10931,0.93,0.6,0.8299942759015455
675,675,"After being holed up in the house due to Covid, my wife has started having this weird nightmare that our house is made of celery.",10-03-2020 22:11:14,10915,0.96,1.2,0.8208357183743561
676,676,This year's Fibonacci Convention was a great success.,12-12-2020 16:49:21,10922,0.97,0.6,0.8248425872925015
677,677,I saw a pack of gummy worms that said “No artificial flavor.”,04-29-2021 09:23:09,10909,0.96,1.0,0.81740125930166
678,678,[NSFW] I once had sex with a blind girl and she said I have the biggest penis she has ever layed her hands on,09-03-2019 20:46:33,10906,0.94,1.4,0.815684029765312
679,679,Harry Potter can't tell the difference between his cooking pot and his best mate.,11-16-2018 03:46:05,10907,0.94,1.2,0.8162564396107613
680,680,My Himalayan friend has a cow that refuses to stand up.,06-07-2020 08:36:01,10900,0.96,1.4,0.8122495706926159
681,681,It's my 1-year Reddit anniversary,06-27-2020 22:06:47,10900,0.84,0.8,0.8122495706926159
682,682,"My friend worked at the zoo to circumcise elephants, the pay was bad but...",09-05-2020 23:31:25,10889,0.96,1.0,0.8059530623926732
683,683,My doctor friend is addicted to hitting his patients on their knees to check their reflexes.,06-07-2020 22:13:19,10883,0.97,1.2,0.8025186033199772
684,684,"Barack Obama went to a costume party giving his wife a piggyback. Someone asks what he is and says ""I'm a snail!""",01-25-2021 08:10:53,10886,0.95,1.2,0.8042358328563252
685,685,"Genie: ""What’s your first wish?""",02-09-2020 20:08:16,10879,0.96,1.2,0.8002289639381798
686,686,A man walks into a bakery with a salmon under his arm,09-24-2020 21:04:11,10874,0.92,1.2,0.797366914710933
687,687,I taught my four year old son how to use the word abundance in a sentence.,09-16-2018 09:15:54,10874,0.94,0.8,0.797366914710933
688,688,Believing only 12.5% of the Bible,12-10-2019 05:42:25,10867,0.97,0.6,0.7933600457927876
689,689,What do you call a dinosaur that explodes?,03-18-2020 09:32:56,10869,0.97,1.0,0.7945048654836864
690,690,I was kidnapped by mimes once,10-20-2020 07:36:54,10850,0.98,1.0,0.7836290784201488
691,691,My vaccine dad joke failed,01-02-2021 15:13:54,10849,0.96,0.8,0.7830566685746995
692,692,My son asked me for something hard to write on,07-06-2020 22:23:33,10845,0.98,0.8,0.7807670291929021
693,693,What did 50Cent do when he got hungry?,05-17-2020 00:15:10,10839,0.97,1.0,0.7773325701202061
694,694,Why shouldn't you put more than 239 beans in a soup?,04-13-2021 19:15:06,10841,0.96,1.0,0.7784773898111047
695,695,"A priest, an imam and a rabbit walk into a bloodbank.",08-07-2020 17:43:03,10835,0.95,1.0,0.7750429307384087
696,696,"My boss said to me, “You are the worst train operator ever. How many trains have you derailed in the past year?”",01-05-2020 01:42:32,10831,0.97,0.8,0.7727532913566113
697,697,My three favorite things are eating my family and not using commas,03-26-2019 21:49:51,10822,0.92,1.2,0.7676016027475673
698,698,Robin: “The Batmobil isn’t starting!” Batman: “Did you charge the battery?”,10-07-2019 20:30:02,10820,0.92,1.2,0.7664567830566685
699,699,"My wife asked me, “Are you sometimes surprised as to how little people change?”",07-13-2020 22:21:45,10791,0.97,0.8,0.7498568975386377
700,700,My wife just threw away my favourite herb.,06-03-2020 08:06:42,10793,0.94,1.2,0.7510017172295363
701,701,My therapist says that I second guess every decision that I ever make.,03-24-2021 08:02:11,10792,0.97,0.8,0.750429307384087
702,702,What did 2 tell 3 when he saw 6 acting like an idiot?,07-19-2019 21:50:55,10795,0.96,0.8,0.752146536920435
703,703,"When I turned 16, my dad told me it was time to get a job. “When I was your age, my very first job I had I worked with over 500 people under me.”...",07-28-2019 11:33:23,10792,0.97,0.6,0.750429307384087
704,704,A blind person was eating seafood,09-21-2019 11:43:24,10789,0.96,1.0,0.748712077847739
705,705,"A man went to the doctor’s and told him, “I feel like such a failure. All five of my boys want to be valets when they grow up.”",09-17-2020 14:14:21,10786,0.97,1.0,0.746994848311391
706,706,What is the difference between an old bus station and a crab with a boob job?,07-09-2020 07:34:47,10784,0.93,1.0,0.7458500286204923
707,707,Thanks for explaining the word “many” to me.,04-09-2018 17:34:09,10773,0.94,0.6,0.7395535203205496
708,708,I asked my German friend if he knew the square root of 81.,05-24-2021 20:14:13,10779,0.96,0.6,0.7429879793932456
709,709,"Today I insisted that my son had a hole in his shoe. He didn't believe me and kept looking and looking, took it off and inspect it. He yelled ""There is no hole in there at all!""",06-24-2018 18:30:02,10770,0.94,0.8,0.7378362907842015
710,710,"Every day at breakfast, I announce that I’m going for a jog, and then I don’t.",12-31-2019 22:21:28,10763,0.97,1.2,0.733829421866056
711,711,How much does Santa pay to park his sleigh?,12-19-2019 20:56:30,10767,0.98,1.4,0.7361190612478534
712,712,"There’s big penises and there’s small penises, but the best penis of all...",07-01-2019 17:24:57,10769,0.95,1.4,0.7372638809387522
713,713,I know a lot of you are sad because it’s a Monday.,10-22-2018 11:11:05,10769,0.96,0.6,0.7372638809387522
714,714,"""Why didn't Elsa see a doctor for her sore throat and cough? Because a cold never bothered her anyway!"" My youngest son thought of that all by himself!",04-27-2020 05:58:35,10762,0.95,0.8,0.7332570120206068
715,715,I always thought it would be difficult to have erectile dysfunction.,06-12-2020 11:22:08,10750,0.95,1.0,0.7263880938752146
716,716,I finally realized why trees don’t have teeth.,09-26-2020 21:00:03,10745,0.97,0.8,0.723526044647968
717,717,"My wife said, ""Nothing rhymes with orange""",03-31-2019 11:40:02,10739,0.9,1.0,0.7200915855752719
718,718,Never do Meth without tea,04-26-2021 20:57:55,10746,0.94,1.4,0.7240984544934173
719,719,What do you say to a woman who has given birth to members of the military?,07-23-2020 03:17:15,10731,0.95,1.2,0.7155123068116772
720,720,"Been a dad 5 mo, so I’m a little new to this... Hit my wife with this one tonight at dinner.",07-08-2019 21:29:14,10721,0.97,1.2,0.7097882083571837
721,721,A small meteorite is reportedly headed for Legoland,05-05-2020 09:17:33,10712,0.95,0.6,0.7046365197481397
722,722,"A weasel walks into a bar. The bartender says, ""Wow, I've never served a weasel before. What can i get you?""",02-06-2019 10:51:01,10709,0.96,1.2,0.7029192902117917
723,723,"[Driving] My wife: Hey, you missed a right.",09-26-2019 12:17:14,10713,0.96,0.8,0.705208929593589
724,724,How much sex does a person who likes both men and women have?,02-11-2020 23:00:48,10709,0.94,1.2,0.7029192902117917
725,725,"True story: I was a kid, watching TV in our living room. My dad was outside using the grill. All of a sudden he bursts in the door hopping on one foot yelling “I stepped on a Bee!”",03-07-2021 13:10:32,10713,0.97,1.2,0.705208929593589
726,726,"I finally bought the limited edition Thesaurus from Amazon that I've always wanted. When I opened it, all the pages were blank.",12-11-2016 05:26:35,10710,0.92,0.6,0.7034917000572409
727,727,Why can't your nose be 12 inches long?,11-04-2019 14:58:24,10696,0.93,1.2,0.6954779622209502
728,728,"[META] Dad jokes should be clean, not just groan-inducing. That's what makes it a Dad joke, we can tell it to the kids in front of Mom and not get in trouble (other than maybe for the punchline).",10-29-2019 09:16:46,10701,0.95,1.2,0.6983400114481969
729,729,I bet a butcher $20 that he couldn't reach the meat on the top shelf...,12-13-2019 03:50:44,10693,0.96,1.2,0.6937607326846021
730,730,Initially I didn’t believe that my chiropractor was any good.,04-28-2021 06:50:38,10683,0.97,0.8,0.6880366342301087
731,731,What do you get when you combine a porcupine and a turtle?,10-10-2020 19:22:15,10683,0.97,1.2,0.6880366342301087
732,732,"I wrote down the names of everyone I hate on a piece of paper, and my roommate used that to roll his joint.",06-04-2019 06:24:59,10682,0.96,1.0,0.6874642243846594
733,733,My friend is making a lot of easy money by taking pictures of salmon dressed in human clothes.,06-20-2020 23:36:36,10679,0.98,1.2,0.6857469948483114
734,734,"My wife caught me standing on the bathroom scale, sucking in my stomach...",12-03-2016 07:39:08,10675,0.91,1.2,0.683457355466514
735,735,"My dad died on 02/19/18, this joke came to me while signing paperwork at the funeral home...",03-01-2018 11:31:02,10670,0.95,0.8,0.6805953062392673
736,736,It used to be free to fill your car tire up with air. Now it coasts 1.50. You know why?,01-08-2019 11:12:44,10671,0.95,0.8,0.6811677160847167
737,737,I'll tell you what I know about dwarfs,05-27-2020 20:09:50,10663,0.96,1.0,0.676588437321122
738,738,I wasn't expecting to be diagnosed as colour blind.,02-02-2021 07:22:51,10665,0.94,0.8,0.6777332570120206
739,739,"The mountains aren't just funny, they're",07-14-2020 07:49:10,10639,0.97,0.8,0.6628506010303378
740,740,"I saw an ad that read: “TV for sale, $1, volume stuck on full.”",05-26-2021 12:17:58,10623,0.95,0.6,0.6536920435031482
741,741,"My friend keeps saying ""cheer up man it could be worse, you could be stuck underground in a hole full of water."" I know he means well.",10-05-2019 01:36:44,10592,0.97,0.8,0.6359473382942187
742,742,The CEO of IKEA has been elected Prime Minister of Sweden.,05-02-2021 12:45:58,10596,0.96,0.8,0.6382369776760161
743,743,Sir Lance Sir Lance Sir Lance Sir Lance Sir Lance Sir Lance Sir Lance Sir Lance Sir Lance Sir Lance Sir Lance Sir Lance Sir Lance Sir Lance Sir Lance Sir Lance Sir Lance Sir Lance,05-21-2021 17:18:47,10566,0.92,0.6,0.6210646823125358
744,744,I've run out of toilet paper and started using old newspapers instead,04-19-2020 19:15:00,10550,0.97,1.0,0.6119061247853463
745,745,You do realise that Vampires aren't real...,12-02-2020 07:16:21,10551,0.98,0.8,0.6124785346307956
746,746,My wife and I share the same sense of humour.,11-22-2020 15:43:08,10548,0.96,0.8,0.6107613050944476
747,747,"A century ago, two brothers insisted that it was possible to fly ...",01-18-2021 10:00:20,10545,0.97,1.0,0.6090440755580996
748,748,What did Delaware?,02-10-2020 11:28:20,10539,0.94,0.6,0.6056096164854036
749,749,"Two deer walk out of a gay bar. One looks at the other and says ""wow! I can't believe I blew thirty bucks in there""",08-13-2019 09:57:23,10549,0.93,1.4,0.611333714939897
750,750,My wife tripped and dropped the basket of clothes she had just ironed.,01-02-2019 04:45:57,10542,0.96,0.6,0.6073268460217516
751,751,If Mary is the mother of Jesus and Jesus is the lamb of God,02-14-2021 10:39:57,10521,0.95,0.6,0.5953062392673154
752,752,What do you call a chicken looking at a bowl of lettuce,07-11-2020 15:26:33,10517,0.96,1.2,0.593016599885518
753,753,"Regardless of price, Velcro is always a rip off",03-25-2019 11:08:28,10512,0.96,1.2,0.5901545506582713
754,754,"I told my boss, “Sorry I’m late. I was having computer issues.”",11-25-2020 07:06:40,10514,0.98,1.0,0.59129937034917
755,755,"I proudly showed my son, ""Check this out! Bought a new shrub trimmer today!"" He shrugged and replied, ""That's great, dad."" I continued...",08-10-2020 19:28:53,10496,0.98,1.0,0.5809959931310819
756,756,My son asked me what our IP address was.,08-10-2019 14:36:16,10500,0.94,0.6,0.5832856325128792
757,757,The ultimate Dad Joke - Bulgarian Train Man,12-06-2018 12:18:23,10502,0.96,0.8,0.5844304522037779
758,758,TIL: Humans are born with four kidneys.,06-15-2019 07:26:30,10494,0.96,1.0,0.5798511734401832
759,759,What does a presidential candidate who cant get his votes up suffer from?,11-03-2020 23:24:55,10488,0.93,1.0,0.5764167143674871
760,760,"FINALY, my clock-fetish sex tape arrived in the mail...",05-25-2020 21:40:15,10490,0.86,1.2,0.5775615340583858
761,761,"""Have you ever done anything good?"" St. Peter asked a guy when he showed up at the Pearly Gates. ""To protect a young girl I punched the leader of a motorcycle gang, kicked his bike over, and told them all to back off!"" said the man. St. Peter was impressed, ""When did you do this?""",09-22-2019 06:29:38,10479,0.94,0.8,0.5712650257584431
762,762,Having gay parents must be horrible,12-28-2019 00:20:17,10473,0.82,1.4,0.5678305666857469
763,763,"My calculus professor was 16 minutes late to his first class, 8 minutes late to his second, and 4 minutes late to the third.",12-13-2018 09:09:08,10479,0.96,0.8,0.5712650257584431
764,764,What is blue and not heavy?,09-03-2020 20:14:59,10477,0.92,0.6,0.5701202060675443
765,765,How much space will Brexit free up in the European Union?,01-30-2020 03:57:24,10468,0.97,0.8,0.5649685174585003
766,766,"At the parole hearing, the officer asked, ""Tell me, why should you be released early?""",04-28-2019 21:29:50,10465,0.97,0.6,0.5632512879221523
767,767,I adopted a dog from a Blacksmith...,09-16-2019 08:47:48,10460,0.97,1.2,0.5603892386949055
768,768,"I went to a deli and said, I'd like to buy a bagel with cream cheese",03-11-2021 00:13:48,10460,0.97,1.2,0.5603892386949055
769,769,My Wife is freaking out about this coronavirus. She made me promise I'd put the mask on before I left for work this morning......,03-20-2020 18:04:08,10459,0.97,1.0,0.5598168288494562
770,770,It's inappropriate to make a 'dad joke' if you're not a dad.,11-05-2019 15:23:32,10458,0.96,1.0,0.5592444190040069
771,771,My neighbor blamed my gravel for making him fall...,07-24-2020 05:45:10,10438,0.97,0.8,0.54779622209502
772,772,(Monday: Greg) (Tuesday: Ian) (Wednesday: Greg) (Thursday: Ian) (Friday: Greg) (Saturday: Ian) (Sunday: Greg),04-04-2019 01:12:19,10436,0.93,1.0,0.5466514024041214
773,773,Just watched all the Harry Potter movies back to back with a friend,07-29-2020 07:21:39,10431,0.96,1.0,0.5437893531768746
774,774,A guy knocked on my door asking for a donation to build a community swimming pool.,06-19-2020 05:16:07,10433,0.96,1.0,0.5449341728677733
775,775,I can always tell when someone is lying just by looking at them.,09-05-2019 07:53:51,10426,0.98,0.4,0.540927303949628
776,776,If pronouncing my B’s as V’s makes me sound russian...Then soviet.,08-25-2019 03:38:30,10409,0.93,1.0,0.5311963365769892
777,777,If you give an eevee money what does it evolve into?,11-28-2018 16:44:10,10406,0.95,0.6,0.529479107040641
778,778,I just found out that the guy who stole my diary died yesterday.,03-24-2021 21:53:09,10408,0.97,0.4,0.5306239267315398
779,779,Which animal has the biggest breasts,09-28-2020 07:34:57,10387,0.96,1.2,0.5186033199771036
780,780,How Long is a Chinese name.,06-06-2019 08:53:22,10392,0.96,0.6,0.5214653692043503
781,781,What's the difference between Mordor and the Capital?,01-09-2021 08:21:03,10383,0.87,0.6,0.5163136805953062
782,782,My wife says she's divorcing me because of my obsession with television dramas.,01-15-2021 11:07:38,10377,0.96,1.0,0.5128792215226102
783,783,I was on a diabetes awareness website and it asked me if I accept cookies...,01-16-2021 16:03:10,10373,0.97,1.2,0.5105895821408128
784,784,What Sith Lord immobilizes his victims instead of killing them?,09-05-2020 11:02:14,10370,0.97,1.0,0.5088723526044648
785,785,My wife asked me if she's the only one I've been with.,06-30-2020 01:31:24,10349,0.93,1.2,0.4968517458500286
786,786,What does a robot do after sex?,01-16-2021 02:53:14,10349,0.96,1.4,0.4968517458500286
787,787,"A pirate walks into a bar with a paper towel on his head. The bartender says, ""What's with the paper towel?""",11-25-2018 10:48:18,10339,0.94,1.2,0.4911276473955352
788,788,"As a lumberjack, I know that I’ve cut exactly 2,417 trees. I know because every time I cut one, I keep a log.",10-07-2019 07:02:58,10336,0.98,0.8,0.48941041785918715
789,789,"They say one in four people are homosexual, which is weird because I have three best friends, all guys. Makes me wonder which one of us would be gay.",12-24-2018 13:04:30,10337,0.88,1.2,0.4899828277046365
790,790,My wife asked me if I thought our kids were spoiled,04-12-2019 08:15:12,10336,0.98,1.2,0.48941041785918715
791,791,Why do police get to riots early?,09-07-2020 15:52:33,10323,0.92,0.8,0.48196908986834575
792,792,Why do 9 ants get to live in an apartment for free?,07-03-2019 13:49:13,10320,0.96,1.2,0.48025186033199774
793,793,I'm starting a tattoo business. Women who show their breasts get tattooed for free.,07-01-2019 04:00:42,10325,0.9,1.4,0.48311390955924444
794,794,Why do astronauts use linux?,01-27-2021 07:02:29,10311,0.97,1.4,0.47510017172295366
795,795,What do you call a deer with no eyes?,05-02-2021 07:42:51,10312,0.94,1.0,0.475672581568403
796,796,"A police officer says to a couple: ""I'm sorry to tell you this, but your son set the school on fire"".",02-01-2019 21:49:43,10310,0.94,0.6,0.4745277618775043
797,797,"If a group of dolphins is called a pod and a group of crows is called a murder, what is a group of small children called?",03-25-2020 20:41:59,10306,0.94,0.8,0.4722381224957069
798,798,"I watched Bohemian Rhapsody three times in a row, and now I feel a little sick.",03-01-2020 12:54:24,10309,0.94,0.8,0.47395535203205497
799,799,Finally my winter fat has gone...,01-24-2021 08:40:45,10294,0.98,1.0,0.4653692043503148
800,800,"“Doc, I think I might have ADHD, because I can’t remember where I parked my Ford!”",09-19-2019 07:03:32,10290,0.96,0.8,0.46307956496851743
801,801,What I if told you,09-13-2018 11:13:30,10274,0.91,0.4,0.453921007441328
802,802,I am reading a horror story in braille.,11-07-2018 16:27:08,10280,0.95,0.6,0.45735546651402403
803,803,What's the difference between a poorly dressed monkey on a tricycle and a well-dressed monkey on a bicycle?,12-02-2019 04:00:19,10281,0.97,1.2,0.4579278763594734
804,804,You know what they say about cliffhangers..,01-05-2019 04:39:21,10272,0.94,0.6,0.4527761877504293
805,805,I once walked in on my teachers having sex,02-20-2019 07:32:57,10263,0.95,1.4,0.44762449914138525
806,806,If you slap Dwayne Johnsons butt,05-14-2021 07:47:02,10261,0.94,1.6,0.44647967945048656
807,807,"Due to the Covid crisis, the Indian bakery in my neighborhood is going through some tough times.",04-03-2020 07:23:48,10249,0.97,0.8,0.43961076130509447
808,808,Why was E the only letter in the alphabet to get a Christmas present?,12-24-2019 08:43:28,10244,0.97,1.0,0.4367487120778477
809,809,"If Americans switched from pounds to kilograms overnight, there would be mass confusion",05-08-2018 07:38:12,10238,0.94,0.8,0.4333142530051517
810,810,My grandad was responsible for 28 downed german planes in WW2.,09-06-2019 15:05:50,10234,0.94,0.6,0.4310246136233543
811,811,"I can tolerate algebra, maybe even a little calculus",04-17-2021 08:09:59,10224,0.98,1.0,0.4253005151688609
812,812,How do you measure a red hot chili pepper?,03-08-2020 13:55:50,10217,0.97,1.2,0.4212936462507155
813,813,NASCAR bans the confederate flag?,06-11-2020 10:11:04,10221,0.95,0.8,0.42358328563251285
814,814,Just read an interesting fact - Bruce Lee had a vegan brother;,06-26-2020 22:47:26,10204,0.94,1.4,0.41385231825987406
815,815,Did you hear about the mathematician that was afraid of negative numbers?,05-30-2020 10:24:02,10203,0.97,0.8,0.41327990841442475
816,816,Easter and April Fools’ are on the same day this year.,03-31-2018 07:01:37,10206,0.95,0.8,0.41499713795077275
817,817,I used to hate facial hair,03-04-2019 08:24:56,10196,0.94,1.4,0.40927303949627936
818,818,My friend in the country couldn’t afford his water bill...,07-07-2020 12:28:59,10192,0.98,1.0,0.406983400114482
819,819,Why do women have a difficult time working for the postal service?,01-06-2021 07:26:57,10186,0.97,0.8,0.4035489410417859
820,820,Did you know you cannot breath through the nose while you're smiling?,01-08-2020 04:56:42,10174,0.89,1.2,0.3966800228963938
821,821,"People say circumcision doesn’t hurt, but i have to disagree.",05-08-2019 09:42:53,10180,0.94,1.0,0.4001144819690899
822,822,My wife just accused me of having zero empathy.,04-25-2019 07:09:09,10174,0.96,1.0,0.3966800228963938
823,823,"I'm looking to sell my Delorean. It’s in Great condition, low mileage..",09-27-2019 06:05:06,10178,0.94,1.0,0.3989696622781912
824,824,My boss hates when I shorten his name to Dick.,01-02-2019 20:49:21,10171,0.92,1.0,0.3949627933600458
825,825,I was researching about Atheism,02-16-2021 18:14:49,10177,0.96,0.6,0.3983972524327418
826,826,What do you call karate for amputees?,04-29-2020 07:03:40,10166,0.96,1.0,0.3921007441327991
827,827,Why is six afraid of seven?,02-11-2021 04:34:50,10163,0.9,0.6,0.39038351459645104
828,828,"To the person who stole my copy of Microsoft Office, I will find you.",09-23-2017 09:13:54,10163,0.86,0.8,0.39038351459645104
829,829,What's the longest word in the dictionary?,01-24-2020 07:15:25,10155,0.94,0.8,0.38580423583285633
830,830,My 6 year old told me this one today. Why do dogs carry bones in their mouths?,03-13-2021 22:42:05,10160,0.96,1.0,0.38866628506010303
831,831,"A priest, a minister, and a rabbit walk into a blood bank...",02-22-2020 08:28:22,10152,0.93,1.0,0.3840870062965083
832,832,Santa's sack is so large because he only comes once a year,10-25-2019 06:41:38,10130,0.87,1.2,0.3714939896966228
833,833,"After watching me read “War and Peace”, my son asked me, “Dad, why is the book so thick?”",05-20-2020 08:22:04,10131,0.94,0.6,0.3720663995420721
834,834,"My daughter wanted a bouncy castle for her birthday. The guy said the rental was $50, and the set-up fee was $1000 dollars.",10-03-2018 21:09:20,10126,0.95,1.0,0.3692043503148254
835,835,The world tongue-twister champion just got arrested.,04-26-2021 05:20:41,10122,0.98,1.0,0.366914710933028
836,836,How do you feed 1000 people with one loaf of bread?,07-14-2019 19:49:11,10124,0.97,1.2,0.3680595306239267
837,837,My 7 year old came up with a dad joke: What do Zombie Cows say?,09-27-2019 22:40:01,10101,0.95,1.2,0.35489410417859185
838,838,I can cut a piece of wood in half just by looking at it.,03-29-2020 21:40:08,10104,0.97,0.6,0.3566113337149399
839,839,Guess who I bumped into on my way to get my glasses fixed?,04-16-2020 17:20:50,10095,0.97,0.8,0.35145964510589583
840,840,"Before my surgery today, the anesthesiologist asked if I'd like to be knocked out with gas or he could just hit me over the head with a canoe paddle. So I guess it was...",12-28-2020 06:03:15,10090,0.98,1.0,0.34859759587864914
841,841,The oldest computer can be traced back to Adam and Eve.,04-24-2020 21:11:37,10084,0.94,0.6,0.34516313680595306
842,842,People keep saying today is pi day,03-14-2020 19:30:27,10089,0.92,0.6,0.34802518603319976
843,843,"My friend keeps saying, “Cheer up, it could be worse, you could get stuck underground in a hole full of water.”",02-04-2019 15:37:52,10081,0.95,0.8,0.34344590726960506
844,844,My wife asked me if I'd seen the dog bowl,12-17-2020 06:18:55,10077,0.97,1.0,0.3411562678878077
845,845,My Grandfather has the heart of a lion,04-12-2020 11:22:54,10074,0.94,1.2,0.33943903835145967
846,846,A girl came up to me and said she recognised me from her vegetarian resturaunt.,09-06-2018 05:02:26,10082,0.92,1.0,0.3440183171150544
847,847,"A man walked into a hardware store, picked up a can of fly spray and asked the assistant, ""Is this good for wasps?""",10-16-2019 06:03:49,10075,0.97,1.0,0.340011448196909
848,848,"Yoda and Luke are walking through the swamp. Part of their usual training course involves shimmying along a cliff ledge, but today, there’s a long break in the ledge they can’t cross. “Something for this I have.” Yoda says.",05-04-2020 05:55:25,10063,0.94,0.8,0.3331425300515169
849,849,"It's pretty obvious, that if you run in front of a moving car, you will get tired. But if you run behind it..",03-02-2021 08:33:41,10065,0.96,0.8,0.3342873497424156
850,850,I was wondering why music was coming from my printer...,05-20-2021 09:14:48,10058,0.98,0.8,0.3302804808242702
851,851,Just started my new job as a security guard. The supervisor told me my job would be to watch the office at night.,04-11-2021 02:13:36,10047,0.98,0.8,0.3239839725243274
852,852,"Guys, today was my first day in the navy and I felt so lost!",05-04-2021 21:00:47,10046,0.95,0.6,0.32341156267887805
853,853,"My daughter was having a pretend dinner party with her teddy bear, when she asked, “Do you want anything to eat, Mr. Bear?” In my best bear voice, I replied...",04-20-2020 05:56:42,10042,0.98,1.2,0.3211219232970807
854,854,"Mum, dad, I'm gay",05-27-2019 19:04:47,10046,0.8,1.2,0.32341156267887805
855,855,Why did Hitler wear eye glasses?,01-19-2021 10:45:49,10045,0.92,1.2,0.32283915283342873
856,856,"My friend claims that he “accidentally” glued himself to his autobiography, but I don’t believe him.",05-06-2019 10:13:38,10044,0.96,0.8,0.3222667429879794
857,857,What has two butts and kills people?,02-21-2021 07:38:58,10030,0.96,1.2,0.31425300515168864
858,858,"After all these years, my wife still thinks I’m sexy.",10-09-2019 20:35:36,10023,0.97,1.2,0.3102461362335432
859,859,My dad didn't laugh so hopefully you'll enjoy.,02-14-2019 17:16:10,10027,0.96,1.2,0.31253577561534057
860,860,I took a job as the head of Old McDonald’s farm,05-29-2021 07:14:23,10013,0.98,0.8,0.3045220377790498
861,861,"My wife was a little puzzled when I suddenly bought some new beads for her abacus. Smiling, I said to her...",08-09-2020 20:33:38,10002,0.97,0.8,0.298225529479107
862,862,"I started pulling the ""Hi hungry, I'm dad"" routine with my two-year-old. A couple days in, I asked her if she was hungry.",08-17-2019 18:58:30,10003,0.98,1.0,0.2987979393245564
863,863,6:30 is my favorite time. Hands down.,12-31-2018 20:00:14,10009,0.94,0.8,0.3022323983972524
864,864,What’s a more concrete term for butt crack?,11-02-2020 20:58:15,10001,0.97,1.2,0.2976531196336577
865,865,I found the first four Harry Potter books to be quite light hearted.,11-08-2019 12:05:04,10005,0.96,0.6,0.2999427590154551
866,866,"After attempting for five hours to get this fence post to stand upright, I've finally realized",01-17-2019 16:19:46,9990,0.93,0.6,0.29135661133371493
867,867,I had to break up with this girl who just would not stop counting.,04-04-2021 13:35:34,9991,0.97,0.8,0.2919290211791643
868,868,I really want to buy one of the grocery checkout dividers but the lady behind the counter keeps putting it back,09-09-2019 15:24:32,9976,0.95,0.8,0.28334287349742415
869,869,"I took my new gun to the range to try it out, but somehow it won’t work.",07-04-2019 06:34:13,9977,0.96,0.6,0.28391528334287347
870,870,What does Pac-Man eat with his chips?,03-21-2019 20:21:32,9959,0.94,1.4,0.27361190612478536
871,871,Never date a tennis player,02-04-2021 16:16:08,9947,0.97,1.2,0.2667429879793932
872,872,My wife asked me today if I had seen the dog bowl.,02-09-2021 07:36:03,9939,0.98,1.0,0.2621637092157985
873,873,Dad: Hey son did you know that there was a kidnapping at a school today?,06-12-2018 05:17:09,9947,0.92,0.8,0.2667429879793932
874,874,A chemist froze himself at -273.15°C. Everyone said he was crazy,03-09-2021 15:33:37,9941,0.93,0.6,0.2633085289066972
875,875,"Think of a number between 5 and 15. Multiply by 2, add 3, and subtract 7 from the answer. Now close your eyes.",02-24-2019 20:38:40,9934,0.93,0.8,0.2593016599885518
876,876,"I can never remember the Roman Numerals for 1, 1000, 51, 6 and 500...",02-18-2020 03:54:14,9933,0.93,0.4,0.25872925014310244
877,877,A police officer just knocked on my door and told me my dogs are chasing people on bikes.,06-18-2019 14:31:40,9918,0.96,1.4,0.25014310246136234
878,878,What does a house wear?,07-24-2019 05:08:26,9913,0.96,1.0,0.24728105323411562
879,879,I've been accused of being a plagiarist.,10-14-2019 03:26:58,9914,0.98,0.6,0.24785346307956496
880,880,Is this sub still active?,12-31-2015 19:17:18,9912,0.91,0.6,0.2467086433886663
881,881,"My wife tried to unlatch our daughter's car seat with one hand and said, ""How do one armed mothers do it?"" Without missing a beat I replied, ""Single handedly.""",10-15-2019 02:05:54,9900,0.93,0.8,0.23983972524327418
882,882,What's the highest rank in the popcorn army?,03-16-2021 21:41:53,9900,0.95,1.0,0.23983972524327418
883,883,Mitochondria would be a great prison nickname.,07-22-2018 04:12:15,9895,0.92,0.8,0.23697767601602748
884,884,What do you call a person who eats other people slowly?,07-30-2020 07:32:29,9894,0.98,1.0,0.23640526617057814
885,885,What do Mexicans eat when it's cold out?,11-07-2020 18:41:51,9886,0.96,1.2,0.2318259874069834
886,886,What makes cars look faster?,03-02-2019 13:59:07,9888,0.96,0.6,0.2329708070978821
887,887,I’m pretty sure that the hotel receptionist was checking me out.,01-01-2019 10:34:52,9881,0.96,0.8,0.2289639381797367
888,888,"I gave my daughter a watch for her birthday. She thought it was so cool and when she showed it to the next door neighbor, he asked, ""That's a pretty watch you've got there! Does it tell you the time?""",06-24-2020 07:05:19,9876,0.98,0.8,0.22610188895248998
889,889,My colleagues at work have given me the nickname “Mr. Compromise.”,07-10-2019 05:26:43,9862,0.97,1.0,0.2180881511161992
890,890,Did you know the first French fry wasn’t cooked in France?,02-04-2019 01:39:04,9858,0.95,1.2,0.21579851173440184
891,891,"A English man, a Spaniard, a French man, and a German. Go to a club. The guy on stage asks if they can see him. They said",04-11-2020 09:07:29,9854,0.94,1.0,0.21350887235260446
892,892,"A german tourist jumped in the freezing water to save my dog. After he climbed out, he said, “here is ze dog, dry him off and keep him warm, he vill be fine. I asked him, “are you a vet?”",01-07-2020 01:22:19,9850,0.96,1.0,0.2112192329708071
893,893,What do you call a wolf that has things figured out,10-03-2019 04:17:12,9853,0.95,1.0,0.21293646250715512
894,894,Never challenge Death to a pillow fight.,07-07-2019 17:40:20,9843,0.98,1.6,0.20721236405266172
895,895,Did you know the first French Fries weren’t cooked in France?,04-19-2019 11:56:02,9844,0.94,1.2,0.20778477389811104
896,896,Bilbo Baggins wakes up suddenly to “Don’t Stop Believing”.,03-13-2021 07:09:43,9849,0.95,0.8,0.21064682312535776
897,897,I was gonna give archery a shot,04-11-2019 19:47:47,9848,0.94,1.0,0.21007441327990842
898,898,"I remember a time when plastic surgery was a taboo subject, but nowadays when you mention botox..",03-01-2021 08:28:44,9838,0.98,1.0,0.204350314825415
899,899,What is gray and not very heavy?,07-22-2019 21:57:30,9830,0.96,0.4,0.19977103606182026
900,900,Are people born with a photographic memory?,06-08-2020 22:06:52,9836,0.98,0.8,0.2032054951345163
901,901,Dad : “I need to call the doctor today.” Mom : “Which doctor?”,06-10-2019 07:14:41,9834,0.97,1.0,0.20206067544361764
902,902,"If I was an injured cat,",06-28-2019 05:09:40,9830,0.95,0.6,0.19977103606182026
903,903,I've often heard icy is the easiest word to spell.,03-16-2020 09:03:17,9825,0.97,0.6,0.19690898683457356
904,904,Edgar Allan Poe is about to run into a tree. What do you yell at him?,06-22-2018 10:33:12,9824,0.95,1.0,0.1963365769891242
905,905,I just started a business where we specialize in weighing tiny objects.,02-16-2020 21:20:39,9818,0.96,1.0,0.19290211791642817
906,906,Somebody threw a bottle of omega 3 pills at my head.,02-19-2021 11:30:18,9819,0.97,0.8,0.1934745277618775
907,907,What's blue and doesn't weigh much?,12-14-2020 16:38:53,9811,0.97,0.8,0.18889524899828278
908,908,Why do dads tell dad jokes?,08-12-2019 05:57:33,9811,0.97,1.4,0.18889524899828278
909,909,I’m friends with 25 letters of the alphabet,04-09-2019 20:34:19,9813,0.94,0.8,0.19004006868918144
910,910,How do you find Will Smith in a snow storm?,01-25-2021 21:07:41,9810,0.94,0.8,0.18832283915283343
911,911,"Waiter: “How do you like your steak, sir”?",03-06-2021 11:25:30,9806,0.93,1.0,0.18603319977103605
912,912,"True story: Driving back home, my 5 year old son says ""How do you spell 'penis'?"". My wife looks at me curiously and then asks ""Why?""",12-17-2019 09:43:40,9803,0.97,1.2,0.18431597023468804
913,913,My therapist just told me I have extreme difficulty in picking up social cues.,03-05-2021 08:01:46,9797,0.97,1.0,0.180881511161992
914,914,All dad jokes are really bad and here’s why:,01-13-2020 09:34:18,9797,0.96,1.2,0.180881511161992
915,915,What do you call a magician who has lost their magic?,04-04-2020 19:02:05,9789,0.98,0.8,0.17630223239839726
916,916,Is infinity odd or even?,01-06-2019 09:16:36,9785,0.9,0.6,0.17401259301659988
917,917,My wife got really mad when I told her she had no sense of direction,02-20-2021 03:30:03,9785,0.95,0.6,0.17401259301659988
918,918,We should have known communism wouldn't work,04-06-2019 10:56:58,9783,0.94,0.6,0.1728677733257012
919,919,"I hate the word ""xenophobia"", it sounds so...",04-21-2021 03:42:12,9772,0.97,0.6,0.16657126502575845
920,920,Hay bales under a buck,12-04-2019 17:22:17,9779,0.97,0.8,0.17057813394390384
921,921,What’s a song that costs 45¢?,08-20-2019 07:51:51,9772,0.84,1.0,0.16657126502575845
922,922,"When 2 people have sex, its a twosome. When 3 people have sex, its a threesome",05-19-2019 11:03:46,9772,0.82,1.4,0.16657126502575845
923,923,I got arrested because I left my car at the bar and took the bus home.,11-30-2019 08:05:21,9765,0.97,0.8,0.16256439610761306
924,924,What do you call a belt made of $100 bills?,06-23-2020 12:10:59,9767,0.98,0.8,0.16370921579851175
925,925,"A, B, D, E, F, G, H, I, J, K, L, M, N, O, P, Q, R, S, T, U, V, W, X, Y, & Z are all racists.. How do I know?",12-10-2019 19:08:00,9759,0.87,0.6,0.159129937034917
926,926,I was Diagnosed with chronic fear of Giants,03-09-2019 18:35:01,9768,0.95,1.0,0.16428162564396107
927,927,The last 4 letters of “queue” aren’t silent,02-16-2019 03:04:45,9754,0.95,0.6,0.15626788780767029
928,928,Changed all my passwords to Kenny.,09-10-2020 21:53:13,9753,0.97,1.0,0.15569547796222094
929,929,My wife: You need to do more chores around the house.,05-06-2021 00:13:36,9758,0.97,1.2,0.15855752718946767
930,930,If you really think about it condoms are just sonblock.,10-21-2019 02:05:27,9749,0.94,1.2,0.1534058385804236
931,931,Where did the hacker go?,03-28-2020 04:55:34,9747,0.98,0.6,0.1522610188895249
932,932,My wife asked me to stop singing Wonder wall to her,09-26-2017 06:12:40,9743,0.89,1.2,0.14997137950772754
933,933,"Kid: Dad, I want to be in politics when I grow up.",10-14-2018 07:21:48,9748,0.95,1.0,0.15283342873497424
934,934,"As I expected, my therapist told me that I have a problem verbalizing my emotions.",04-28-2020 06:06:03,9736,0.97,0.8,0.14596451058958215
935,935,*while my dad and I drive past a cemetery*,12-18-2020 21:17:37,9741,0.98,0.8,0.14882655981682885
936,936,I saw a woman at the gas station pumping gas and trying to light a cigarette,02-27-2020 21:35:32,9739,0.96,0.8,0.14768174012593016
937,937,"I've decided to become a math teacher, but I'm only going to teach subtraction.",09-01-2019 10:13:18,9737,0.98,1.0,0.14653692043503147
938,938,I made a graph for my past relationships.,01-04-2020 09:59:01,9729,0.97,0.8,0.14195764167143674
939,939,My massage therapist got fired...,06-25-2020 19:53:57,9727,0.97,1.2,0.14081282198053807
940,940,"I'm a member of the American Medical Association, AMA.",09-06-2017 08:06:03,9724,0.93,0.6,0.13909559244419004
941,941,Did you know that 10+10 and 11+11 are the same thing?,05-18-2021 08:05:25,9724,0.95,0.4,0.13909559244419004
942,942,Women are like grenades...,04-02-2019 11:02:08,9724,0.94,1.0,0.13909559244419004
943,943,"My wife saw an ant picking up a leaf 5 times its body weight, and told me, “Can you imagine being that strong?”",12-02-2018 18:20:34,9716,0.96,0.8,0.1345163136805953
944,944,Who ever invented Knock-Knock jokes should get a Nobel Prize,06-25-2019 03:28:48,9713,0.94,1.2,0.1327990841442473
945,945,"Mahatma Gandhi, as you know, walked barefoot most of the time, which produced an impressive set of calluses on his feet. He also ate very little, which made him rather frail and with his odd diet, he suffered from bad breath.",02-05-2019 20:44:40,9717,0.92,1.0,0.13508872352604465
946,946,Interviewer: How do you explain this 4 year gap on your resume? Me: That’s when I went to Yale... Interviewer: That’s impressive. You are hired.,11-06-2019 05:56:21,9703,0.88,0.6,0.12707498568975387
947,947,What do you call a native Alaskan eye doctor??,11-30-2020 23:47:53,9704,0.97,0.8,0.1276473955352032
948,948,I saw a sign today that made me piss myself,09-17-2019 03:09:23,9701,0.95,0.8,0.12593016599885518
949,949,What do you call someone who can't stop watching films with strong female leads?,03-04-2021 15:07:02,9697,0.97,1.2,0.12364052661705781
950,950,"In order to dad joke you all, a couple of days ago I posted this",02-04-2016 08:34:55,9699,0.92,0.8,0.1247853463079565
951,951,I’m still single on Star Wars Day...,05-04-2019 11:52:55,9692,0.92,1.2,0.12077847738981111
952,952,GF- “Why do we need walkie-talkies? Our relationship is over.”,08-12-2020 16:26:58,9691,0.95,1.0,0.12020606754436176
953,953,Do you know what Bruce Lee's vegetarian brother is called?,12-27-2019 09:54:29,9683,0.95,1.2,0.11562678878076703
954,954,Scientists record the sound of two helium atoms laughing.,10-30-2019 08:20:35,9674,0.97,1.0,0.11047510017172295
955,955,"A farmer takes a rest on a bale of hay. “I love my job” he says aloud. A sheep replies “All you do is boss me around all day!” The farmer, clearly upset by this statement, responds “What did you just say??” The sheep replies:",04-20-2020 14:44:07,9678,0.97,1.0,0.11276473955352032
956,956,"My son wanted some girl advice, so I told him, “If you are intimidated by a date, remember one thing.”",12-12-2018 06:04:46,9676,0.96,1.2,0.11161991986262164
957,957,"When I was a kid, my parents would always say, “Excuse my French” after a swear word...",07-13-2019 23:15:33,9663,0.96,1.2,0.10417859187178019
958,958,My son is now at that age where he's curious about the human body.,05-05-2019 05:23:10,9658,0.98,0.8,0.10131654264453349
959,959,"The recipe said, “Set the oven to 180 degrees.”",04-30-2020 06:53:01,9648,0.95,0.8,0.09559244419004007
960,960,"It used to be free to fill up your car tires with air, now it costs $1.25 You know why?",02-17-2021 08:30:04,9644,0.96,1.0,0.0933028048082427
961,961,"As I suspected, someone’s been adding soil to my garden",02-28-2019 19:26:59,9639,0.97,1.0,0.090440755580996
962,962,Is Google Assistant a dad?,10-20-2016 14:59:19,9637,0.93,1.0,0.08929593589009731
963,963,What do you call a hen who counts her eggs?,07-12-2020 20:01:08,9633,0.97,1.2,0.08700629650829994
964,964,My wife asked me if I could clear the kitchen table.,11-01-2020 18:37:28,9628,0.98,1.2,0.08414424728105323
965,965,To the person who stole my glasses,07-18-2019 01:00:18,9608,0.97,0.8,0.0726960503720664
966,966,I can't find my 'Gone in 60 Seconds' DVD.,01-29-2020 13:19:29,9600,0.96,0.8,0.06811677160847167
967,967,"Every morning I announce loudly to my family that I’m going jogging, but then don’t go.",10-06-2019 09:03:54,9600,0.98,1.2,0.06811677160847167
968,968,Post Malone has canceled his tour.,03-26-2020 09:11:02,9609,0.95,1.0,0.07326846021751574
969,969,My wife is mad at the fact that I have no sense of direction.,07-14-2020 17:43:54,9599,0.92,0.8,0.06754436176302232
970,970,My grandfather died because the report said he had Type A blood.,02-11-2018 04:37:11,9601,0.94,0.8,0.06868918145392101
971,971,My first homegrown dad joke. What do you call a low energy laser?,02-13-2019 07:09:47,9596,0.91,1.0,0.0658271322266743
972,972,So my dad had a tumour removed from his eyelid,11-13-2017 17:56:12,9600,0.93,0.8,0.06811677160847167
973,973,I refused to believe my son got fired as a road worker for theft.,02-03-2020 05:33:33,9587,0.97,0.6,0.06067544361763022
974,974,"I'm an atheist 11 months out of the year, but in December...",12-20-2020 22:25:08,9587,0.96,0.8,0.06067544361763022
975,975,I had to fire the guy I hired to mow my lawn.,01-21-2021 03:18:55,9587,0.98,0.8,0.06067544361763022
976,976,"My statistics professor told us that the larger the sample size, the more reliable are your averages.",09-30-2018 08:04:33,9572,0.96,0.4,0.052089295935890095
977,977,There was once a king who was only 12 inches tall!,03-21-2021 05:22:50,9549,0.98,0.8,0.038923869490555235
978,978,A sheep dog tells her owner she found all fifty sheep. Her owner says that there should only be 46,03-25-2020 07:25:06,9549,0.96,0.8,0.038923869490555235
979,979,"Is ""buttcheeks"" one word?",10-18-2019 18:26:18,9546,0.96,1.0,0.03720663995420721
980,980,"My dad was bragging about his new hearing aid. “State of the Art,” he said, “It cost me a fortune.”",10-12-2018 07:23:27,9547,0.92,0.8,0.03777904979965655
981,981,I found out my girlfriend is really a ghost.,09-18-2020 23:56:13,9532,0.98,0.8,0.02919290211791643
982,982,"I can’t believe that even after 15 years of the show ending, people are still making “Friends” references.",10-09-2019 06:00:27,9535,0.93,0.8,0.030910131654264452
983,983,My girlfriend is a square root of -100,03-27-2021 09:41:55,9532,0.91,1.0,0.02919290211791643
984,984,Boss told me as a security guard it's my job to watch the office,02-26-2020 18:27:50,9527,0.96,0.8,0.02633085289066972
985,985,"Sponge bob | (•)(•) | , Patrick / (•)(•) \ , Squidward ( (•)(•) ) , Plankton | (•) | , Mr. Krabs |•| |•|",05-01-2021 04:01:02,9522,0.8,0.8,0.02346880366342301
986,986,My wife left me because of my obsession with horoscopes,02-05-2021 07:55:28,9513,0.96,1.0,0.018317115054378934
987,987,"I showed my damaged luggage to a lawyer, and said, “I want to sue the airline!”",05-17-2019 05:58:44,9506,0.96,0.6,0.014310246136233544
988,988,"“Dad, is the Fibonacci sequence hard to understand?”",11-11-2018 07:20:30,9502,0.93,0.6,0.012020606754436176
989,989,"My wife: Honey, do you think our kids are spoiled?",03-03-2019 06:18:43,9498,0.96,1.4,0.009730967372638809
990,990,What do you call karate for amputees?,07-17-2019 09:30:50,9497,0.97,1.0,0.009158557527189467
991,991,"The guy at the tuxedo store keeps hovering around me, so I asked him to leave me alone.",03-17-2019 20:17:15,9498,0.97,1.0,0.009730967372638809
992,992,Jail is more than just a word...,01-15-2019 23:58:05,9494,0.97,0.6,0.007441327990841442
993,993,I go to Popeye's to get the kids something to eat.,08-16-2019 21:54:36,9495,0.95,1.0,0.008013737836290785
994,994,"""I have a split personality,"" said Tom, being frank.",11-02-2019 22:13:50,9494,0.98,0.6,0.007441327990841442
995,995,What is a highlighter's favorite Twister position?,07-06-2020 11:31:23,9486,0.97,0.8,0.0028620492272467086
996,996,"My grandfather keeps telling us that when he dies, we should try to convert his ashes into a diamond.",04-29-2019 13:46:41,9484,0.96,0.8,0.0017172295363480253
997,997,Why did the can crusher quit his job?,07-25-2020 06:35:42,9476,0.93,1.0,-0.0028620492272467086
998,998,"A priest, a minister, and a rabbit walk into a bar...",02-21-2020 17:36:56,9481,0.96,1.2,0.0
